<repast.simphony.data2.engine.DataSetDescriptor>
  <name>parcelDetails</name>
  <type>NON_AGGREGATE</type>
  <sourceType>negevVer3.AgriculturalLandParcel</sourceType>
  <inclTick>true</inclTick>
  <inclBatchRun>false</inclBatchRun>
  <inclRandomSeed>false</inclRandomSeed>
  <scheduleParams>
    <start>1.0</start>
    <interval>1.0</interval>
    <priority>-Infinity</priority>
    <pType>LAST</pType>
    <duration>-1.0</duration>
    <frequency>REPEAT</frequency>
    <hashCode>743013741</hashCode>
  </scheduleParams>
  <atEnd>false</atEnd>
  <methodDataSources class="linked-hash-map">
    <entry>
      <string>IrrigatedThisCycle</string>
      <repast.simphony.data2.engine.MethodDataSourceDefinition>
        <id>IrrigatedThisCycle</id>
        <className>negevVer3.AgriculturalLandParcel</className>
        <methodName>isIrrigatedThisCycle</methodName>
      </repast.simphony.data2.engine.MethodDataSourceDefinition>
    </entry>
    <entry>
      <string>ParcelId</string>
      <repast.simphony.data2.engine.MethodDataSourceDefinition>
        <id>ParcelId</id>
        <className>negevVer3.AgriculturalLandParcel</className>
        <methodName>getParcelId</methodName>
      </repast.simphony.data2.engine.MethodDataSourceDefinition>
    </entry>
    <entry>
      <string>Area</string>
      <repast.simphony.data2.engine.MethodDataSourceDefinition>
        <id>Area</id>
        <className>negevVer3.AgriculturalLandParcel</className>
        <methodName>getArea</methodName>
      </repast.simphony.data2.engine.MethodDataSourceDefinition>
    </entry>
    <entry>
      <string>HasIrrigationInf</string>
      <repast.simphony.data2.engine.MethodDataSourceDefinition>
        <id>HasIrrigationInf</id>
        <className>negevVer3.AgriculturalLandParcel</className>
        <methodName>isHasIrrigationInf</methodName>
      </repast.simphony.data2.engine.MethodDataSourceDefinition>
    </entry>
    <entry>
      <string>RainThickness</string>
      <repast.simphony.data2.engine.MethodDataSourceDefinition>
        <id>RainThickness</id>
        <className>negevVer3.AgriculturalLandParcel</className>
        <methodName>getRainThickness</methodName>
      </repast.simphony.data2.engine.MethodDataSourceDefinition>
    </entry>
    <entry>
      <string>CurrentWheatYieldForFarmer</string>
      <repast.simphony.data2.engine.MethodDataSourceDefinition>
        <id>CurrentWheatYieldForFarmer</id>
        <className>negevVer3.AgriculturalLandParcel</className>
        <methodName>getCurrentWheatYieldForFarmer</methodName>
      </repast.simphony.data2.engine.MethodDataSourceDefinition>
    </entry>
    <entry>
      <string>CurrentWheatYieldForGrazing</string>
      <repast.simphony.data2.engine.MethodDataSourceDefinition>
        <id>CurrentWheatYieldForGrazing</id>
        <className>negevVer3.AgriculturalLandParcel</className>
        <methodName>getCurrentWheatYieldForGrazing</methodName>
      </repast.simphony.data2.engine.MethodDataSourceDefinition>
    </entry>
    <entry>
      <string>CurrentStrawWheatYield</string>
      <repast.simphony.data2.engine.MethodDataSourceDefinition>
        <id>CurrentStrawWheatYield</id>
        <className>negevVer3.AgriculturalLandParcel</className>
        <methodName>getCurrentStrawWheatYield</methodName>
      </repast.simphony.data2.engine.MethodDataSourceDefinition>
    </entry>
    <entry>
      <string>SettlementID</string>
      <repast.simphony.data2.engine.MethodDataSourceDefinition>
        <id>SettlementID</id>
        <className>negevVer3.AgriculturalLandParcel</className>
        <methodName>getSettlementID</methodName>
      </repast.simphony.data2.engine.MethodDataSourceDefinition>
    </entry>
    <entry>
      <string>Prev2YearCropName</string>
      <repast.simphony.data2.engine.MethodDataSourceDefinition>
        <id>Prev2YearCropName</id>
        <className>negevVer3.AgriculturalLandParcel</className>
        <methodName>getPrev2YearCropName</methodName>
      </repast.simphony.data2.engine.MethodDataSourceDefinition>
    </entry>
    <entry>
      <string>PrevYearCropName</string>
      <repast.simphony.data2.engine.MethodDataSourceDefinition>
        <id>PrevYearCropName</id>
        <className>negevVer3.AgriculturalLandParcel</className>
        <methodName>getPrevYearCropName</methodName>
      </repast.simphony.data2.engine.MethodDataSourceDefinition>
    </entry>
    <entry>
      <string>CurrentCropName</string>
      <repast.simphony.data2.engine.MethodDataSourceDefinition>
        <id>CurrentCropName</id>
        <className>negevVer3.AgriculturalLandParcel</className>
        <methodName>getCurrentCropName</methodName>
      </repast.simphony.data2.engine.MethodDataSourceDefinition>
    </entry>
  </methodDataSources>
  <countSources class="linked-hash-map"/>
  <customNADataSources class="linked-hash-map"/>
  <customAggDataSources class="linked-hash-map"/>
</repast.simphony.data2.engine.DataSetDescriptor>