<repast.simphony.data2.engine.DataSetDescriptor>
  <name>Wheat acreage and yield</name>
  <type>AGGREGATE</type>
  <inclTick>true</inclTick>
  <inclBatchRun>false</inclBatchRun>
  <inclRandomSeed>false</inclRandomSeed>
  <scheduleParams>
    <start>1.0</start>
    <interval>1.0</interval>
    <priority>-Infinity</priority>
    <pType>LAST</pType>
    <duration>-1.0</duration>
    <frequency>REPEAT</frequency>
    <hashCode>95295125</hashCode>
  </scheduleParams>
  <atEnd>false</atEnd>
  <methodDataSources class="linked-hash-map">
    <entry>
      <string>CurrentlyUnusedWater</string>
      <repast.simphony.data2.engine.MethodDataSourceDefinition>
        <id>CurrentlyUnusedWater</id>
        <className>negevVer3.Settlement</className>
        <methodName>getCurrentlyUnusedWater</methodName>
        <aggType>SUM</aggType>
      </repast.simphony.data2.engine.MethodDataSourceDefinition>
    </entry>
    <entry>
      <string>TotalAgriArea</string>
      <repast.simphony.data2.engine.MethodDataSourceDefinition>
        <id>TotalAgriArea</id>
        <className>negevVer3.Settlement</className>
        <methodName>getAgriArea</methodName>
        <aggType>SUM</aggType>
      </repast.simphony.data2.engine.MethodDataSourceDefinition>
    </entry>
    <entry>
      <string>TotalWheatCroppedArea</string>
      <repast.simphony.data2.engine.MethodDataSourceDefinition>
        <id>TotalWheatCroppedArea</id>
        <className>negevVer3.Settlement</className>
        <methodName>getCurrentOverallWheatAcreage</methodName>
        <aggType>SUM</aggType>
      </repast.simphony.data2.engine.MethodDataSourceDefinition>
    </entry>
    <entry>
      <string>WheatGrainYield</string>
      <repast.simphony.data2.engine.MethodDataSourceDefinition>
        <id>WheatGrainYield</id>
        <className>negevVer3.Settlement</className>
        <methodName>getCurrentOverallGrainWheatYield</methodName>
        <aggType>SUM</aggType>
      </repast.simphony.data2.engine.MethodDataSourceDefinition>
    </entry>
    <entry>
      <string>WheatStrawYield</string>
      <repast.simphony.data2.engine.MethodDataSourceDefinition>
        <id>WheatStrawYield</id>
        <className>negevVer3.Settlement</className>
        <methodName>getCurrentOverallStrawWheatYield</methodName>
        <aggType>SUM</aggType>
      </repast.simphony.data2.engine.MethodDataSourceDefinition>
    </entry>
    <entry>
      <string>WheatStubble</string>
      <repast.simphony.data2.engine.MethodDataSourceDefinition>
        <id>WheatStubble</id>
        <className>negevVer3.Settlement</className>
        <methodName>getCurrentOverallWheatYieldForGrazing</methodName>
        <aggType>SUM</aggType>
      </repast.simphony.data2.engine.MethodDataSourceDefinition>
    </entry>
    <entry>
      <string>CurrentCultivatedArea</string>
      <repast.simphony.data2.engine.MethodDataSourceDefinition>
        <id>CurrentCultivatedArea</id>
        <className>negevVer3.Settlement</className>
        <methodName>getCurrentCultivatedArea</methodName>
        <aggType>SUM</aggType>
      </repast.simphony.data2.engine.MethodDataSourceDefinition>
    </entry>
    <entry>
      <string>CurrentIrrigatedArea</string>
      <repast.simphony.data2.engine.MethodDataSourceDefinition>
        <id>CurrentIrrigatedArea</id>
        <className>negevVer3.Settlement</className>
        <methodName>getCurrentIrrigatedArea</methodName>
        <aggType>SUM</aggType>
      </repast.simphony.data2.engine.MethodDataSourceDefinition>
    </entry>
    <entry>
      <string>TotalConnectedToIrr</string>
      <repast.simphony.data2.engine.MethodDataSourceDefinition>
        <id>TotalConnectedToIrr</id>
        <className>negevVer3.Settlement</className>
        <methodName>getIrrigatedLand</methodName>
        <aggType>SUM</aggType>
      </repast.simphony.data2.engine.MethodDataSourceDefinition>
    </entry>
  </methodDataSources>
  <countSources class="linked-hash-map"/>
  <customNADataSources class="linked-hash-map"/>
  <customAggDataSources class="linked-hash-map"/>
</repast.simphony.data2.engine.DataSetDescriptor>