<repast.simphony.data2.engine.FileSinkDescriptor>
  <name>Infrastructure_length</name>
  <dataSet>Infrastructure Length</dataSet>
  <delimiter>,</delimiter>
  <format>TABULAR</format>
  <sourceIds class="linked-hash-set">
    <string>tick</string>
    <string>RoadLength</string>
    <string>IrrigationLength</string>
  </sourceIds>
  <fileName>C:\Users\Assaf\Documents\PHD\Model - CA AB\Negev\File_sink\Infrastructure_length</fileName>
  <addTimeStamp>true</addTimeStamp>
</repast.simphony.data2.engine.FileSinkDescriptor>