<repast.simphony.visualization.engine.DefaultDisplayDescriptor>
  <name>A2D Display</name>
  <type>GIS</type>
  <styles>
    <entry>
      <string>negevVer3.Zone$Type</string>
      <string>&lt;?xml version=&quot;1.0&quot; encoding=&quot;UTF-8&quot;?&gt;&lt;sld:UserStyle xmlns=&quot;http://www.opengis.net/sld&quot; xmlns:sld=&quot;http://www.opengis.net/sld&quot; xmlns:ogc=&quot;http://www.opengis.net/ogc&quot; xmlns:gml=&quot;http://www.opengis.net/gml&quot;&gt;&lt;sld:Name&gt;Default Styler&lt;/sld:Name&gt;&lt;sld:Title/&gt;&lt;sld:FeatureTypeStyle&gt;&lt;sld:Name&gt;name&lt;/sld:Name&gt;&lt;sld:Rule&gt;&lt;sld:PointSymbolizer&gt;&lt;sld:Graphic&gt;&lt;sld:Mark&gt;&lt;sld:Fill&gt;&lt;sld:CssParameter name=&quot;fill&quot;&gt;#0000FF&lt;/sld:CssParameter&gt;&lt;/sld:Fill&gt;&lt;sld:Stroke/&gt;&lt;/sld:Mark&gt;&lt;sld:Size&gt;10.0&lt;/sld:Size&gt;&lt;/sld:Graphic&gt;&lt;/sld:PointSymbolizer&gt;&lt;/sld:Rule&gt;&lt;/sld:FeatureTypeStyle&gt;&lt;/sld:UserStyle&gt;</string>
    </entry>
    <entry>
      <string>negevVer3.FarmerAgentStyle</string>
      <string>&lt;?xml version=&quot;1.0&quot; encoding=&quot;UTF-8&quot;?&gt;&lt;sld:UserStyle xmlns=&quot;http://www.opengis.net/sld&quot; xmlns:sld=&quot;http://www.opengis.net/sld&quot; xmlns:ogc=&quot;http://www.opengis.net/ogc&quot; xmlns:gml=&quot;http://www.opengis.net/gml&quot;&gt;&lt;sld:Name&gt;Default Styler&lt;/sld:Name&gt;&lt;sld:Title/&gt;&lt;sld:FeatureTypeStyle&gt;&lt;sld:Name&gt;name&lt;/sld:Name&gt;&lt;sld:Rule&gt;&lt;sld:PointSymbolizer&gt;&lt;sld:Graphic&gt;&lt;sld:Mark&gt;&lt;sld:Fill&gt;&lt;sld:CssParameter name=&quot;fill&quot;&gt;#0000FF&lt;/sld:CssParameter&gt;&lt;/sld:Fill&gt;&lt;sld:Stroke/&gt;&lt;/sld:Mark&gt;&lt;sld:Size&gt;10.0&lt;/sld:Size&gt;&lt;/sld:Graphic&gt;&lt;/sld:PointSymbolizer&gt;&lt;/sld:Rule&gt;&lt;/sld:FeatureTypeStyle&gt;&lt;/sld:UserStyle&gt;</string>
    </entry>
    <entry>
      <string>negevVer3.PGMReader</string>
      <string>&lt;?xml version=&quot;1.0&quot; encoding=&quot;UTF-8&quot;?&gt;&lt;sld:UserStyle xmlns=&quot;http://www.opengis.net/sld&quot; xmlns:sld=&quot;http://www.opengis.net/sld&quot; xmlns:ogc=&quot;http://www.opengis.net/ogc&quot; xmlns:gml=&quot;http://www.opengis.net/gml&quot;&gt;&lt;sld:Name&gt;Default Styler&lt;/sld:Name&gt;&lt;sld:Title/&gt;&lt;sld:FeatureTypeStyle&gt;&lt;sld:Name&gt;name&lt;/sld:Name&gt;&lt;sld:Rule&gt;&lt;sld:PointSymbolizer&gt;&lt;sld:Graphic&gt;&lt;sld:Mark&gt;&lt;sld:Fill&gt;&lt;sld:CssParameter name=&quot;fill&quot;&gt;#0000FF&lt;/sld:CssParameter&gt;&lt;/sld:Fill&gt;&lt;sld:Stroke/&gt;&lt;/sld:Mark&gt;&lt;sld:Size&gt;10.0&lt;/sld:Size&gt;&lt;/sld:Graphic&gt;&lt;/sld:PointSymbolizer&gt;&lt;/sld:Rule&gt;&lt;/sld:FeatureTypeStyle&gt;&lt;/sld:UserStyle&gt;</string>
    </entry>
    <entry>
      <string>negevVer3.ImageReader</string>
      <string>&lt;?xml version=&quot;1.0&quot; encoding=&quot;UTF-8&quot;?&gt;&lt;sld:UserStyle xmlns=&quot;http://www.opengis.net/sld&quot; xmlns:sld=&quot;http://www.opengis.net/sld&quot; xmlns:ogc=&quot;http://www.opengis.net/ogc&quot; xmlns:gml=&quot;http://www.opengis.net/gml&quot;&gt;&lt;sld:Name&gt;Default Styler&lt;/sld:Name&gt;&lt;sld:Title/&gt;&lt;sld:FeatureTypeStyle&gt;&lt;sld:Name&gt;name&lt;/sld:Name&gt;&lt;sld:Rule&gt;&lt;sld:PointSymbolizer&gt;&lt;sld:Graphic&gt;&lt;sld:Mark&gt;&lt;sld:Fill&gt;&lt;sld:CssParameter name=&quot;fill&quot;&gt;#0000FF&lt;/sld:CssParameter&gt;&lt;/sld:Fill&gt;&lt;sld:Stroke/&gt;&lt;/sld:Mark&gt;&lt;sld:Size&gt;10.0&lt;/sld:Size&gt;&lt;/sld:Graphic&gt;&lt;/sld:PointSymbolizer&gt;&lt;/sld:Rule&gt;&lt;/sld:FeatureTypeStyle&gt;&lt;/sld:UserStyle&gt;</string>
    </entry>
    <entry>
      <string>negevVer3.Pixel</string>
      <string>&lt;?xml version=&quot;1.0&quot; encoding=&quot;UTF-8&quot;?&gt;&lt;sld:UserStyle xmlns=&quot;http://www.opengis.net/sld&quot; xmlns:sld=&quot;http://www.opengis.net/sld&quot; xmlns:ogc=&quot;http://www.opengis.net/ogc&quot; xmlns:gml=&quot;http://www.opengis.net/gml&quot;&gt;&lt;sld:Name&gt;Default Styler&lt;/sld:Name&gt;&lt;sld:Title/&gt;&lt;sld:FeatureTypeStyle&gt;&lt;sld:Name&gt;name&lt;/sld:Name&gt;&lt;sld:Rule&gt;&lt;sld:PointSymbolizer&gt;&lt;sld:Graphic&gt;&lt;sld:Mark&gt;&lt;sld:Fill&gt;&lt;sld:CssParameter name=&quot;fill&quot;&gt;#0000FF&lt;/sld:CssParameter&gt;&lt;/sld:Fill&gt;&lt;sld:Stroke/&gt;&lt;/sld:Mark&gt;&lt;sld:Size&gt;10.0&lt;/sld:Size&gt;&lt;/sld:Graphic&gt;&lt;/sld:PointSymbolizer&gt;&lt;/sld:Rule&gt;&lt;/sld:FeatureTypeStyle&gt;&lt;/sld:UserStyle&gt;</string>
    </entry>
    <entry>
      <string>negevVer3.AgriculturalLandParcelStyle</string>
      <string>&lt;?xml version=&quot;1.0&quot; encoding=&quot;UTF-8&quot;?&gt;&lt;sld:UserStyle xmlns=&quot;http://www.opengis.net/sld&quot; xmlns:sld=&quot;http://www.opengis.net/sld&quot; xmlns:ogc=&quot;http://www.opengis.net/ogc&quot; xmlns:gml=&quot;http://www.opengis.net/gml&quot;&gt;&lt;sld:Name&gt;Default Styler&lt;/sld:Name&gt;&lt;sld:Title/&gt;&lt;sld:FeatureTypeStyle&gt;&lt;sld:Name&gt;name&lt;/sld:Name&gt;&lt;sld:Rule&gt;&lt;sld:PointSymbolizer&gt;&lt;sld:Graphic&gt;&lt;sld:Mark&gt;&lt;sld:Fill&gt;&lt;sld:CssParameter name=&quot;fill&quot;&gt;#0000FF&lt;/sld:CssParameter&gt;&lt;/sld:Fill&gt;&lt;sld:Stroke/&gt;&lt;/sld:Mark&gt;&lt;sld:Size&gt;10.0&lt;/sld:Size&gt;&lt;/sld:Graphic&gt;&lt;/sld:PointSymbolizer&gt;&lt;/sld:Rule&gt;&lt;/sld:FeatureTypeStyle&gt;&lt;/sld:UserStyle&gt;</string>
    </entry>
    <entry>
      <string>negevVer3.ContextCreator</string>
      <string>&lt;?xml version=&quot;1.0&quot; encoding=&quot;UTF-8&quot;?&gt;&lt;sld:UserStyle xmlns=&quot;http://www.opengis.net/sld&quot; xmlns:sld=&quot;http://www.opengis.net/sld&quot; xmlns:ogc=&quot;http://www.opengis.net/ogc&quot; xmlns:gml=&quot;http://www.opengis.net/gml&quot;&gt;&lt;sld:Name&gt;Default Styler&lt;/sld:Name&gt;&lt;sld:Title/&gt;&lt;sld:FeatureTypeStyle&gt;&lt;sld:Name&gt;name&lt;/sld:Name&gt;&lt;sld:Rule&gt;&lt;sld:PointSymbolizer&gt;&lt;sld:Graphic&gt;&lt;sld:Mark&gt;&lt;sld:Fill&gt;&lt;sld:CssParameter name=&quot;fill&quot;&gt;#0000FF&lt;/sld:CssParameter&gt;&lt;/sld:Fill&gt;&lt;sld:Stroke/&gt;&lt;/sld:Mark&gt;&lt;sld:Size&gt;10.0&lt;/sld:Size&gt;&lt;/sld:Graphic&gt;&lt;/sld:PointSymbolizer&gt;&lt;/sld:Rule&gt;&lt;/sld:FeatureTypeStyle&gt;&lt;/sld:UserStyle&gt;</string>
    </entry>
    <entry>
      <string>negevVer3.RoadStyle</string>
      <string>&lt;?xml version=&quot;1.0&quot; encoding=&quot;UTF-8&quot;?&gt;&lt;sld:UserStyle xmlns=&quot;http://www.opengis.net/sld&quot; xmlns:sld=&quot;http://www.opengis.net/sld&quot; xmlns:ogc=&quot;http://www.opengis.net/ogc&quot; xmlns:gml=&quot;http://www.opengis.net/gml&quot;&gt;&lt;sld:Name&gt;Default Styler&lt;/sld:Name&gt;&lt;sld:Title/&gt;&lt;sld:FeatureTypeStyle&gt;&lt;sld:Name&gt;name&lt;/sld:Name&gt;&lt;sld:Rule&gt;&lt;sld:PointSymbolizer&gt;&lt;sld:Graphic&gt;&lt;sld:Mark&gt;&lt;sld:Fill&gt;&lt;sld:CssParameter name=&quot;fill&quot;&gt;#0000FF&lt;/sld:CssParameter&gt;&lt;/sld:Fill&gt;&lt;sld:Stroke/&gt;&lt;/sld:Mark&gt;&lt;sld:Size&gt;10.0&lt;/sld:Size&gt;&lt;/sld:Graphic&gt;&lt;/sld:PointSymbolizer&gt;&lt;/sld:Rule&gt;&lt;/sld:FeatureTypeStyle&gt;&lt;/sld:UserStyle&gt;</string>
    </entry>
    <entry>
      <string>negevVer3.PixelStyle</string>
      <string>&lt;?xml version=&quot;1.0&quot; encoding=&quot;UTF-8&quot;?&gt;&lt;sld:UserStyle xmlns=&quot;http://www.opengis.net/sld&quot; xmlns:sld=&quot;http://www.opengis.net/sld&quot; xmlns:ogc=&quot;http://www.opengis.net/ogc&quot; xmlns:gml=&quot;http://www.opengis.net/gml&quot;&gt;&lt;sld:Name&gt;Default Styler&lt;/sld:Name&gt;&lt;sld:Title/&gt;&lt;sld:FeatureTypeStyle&gt;&lt;sld:Name&gt;name&lt;/sld:Name&gt;&lt;sld:Rule&gt;&lt;sld:PointSymbolizer&gt;&lt;sld:Graphic&gt;&lt;sld:Mark&gt;&lt;sld:Fill&gt;&lt;sld:CssParameter name=&quot;fill&quot;&gt;#0000FF&lt;/sld:CssParameter&gt;&lt;/sld:Fill&gt;&lt;sld:Stroke/&gt;&lt;/sld:Mark&gt;&lt;sld:Size&gt;10.0&lt;/sld:Size&gt;&lt;/sld:Graphic&gt;&lt;/sld:PointSymbolizer&gt;&lt;/sld:Rule&gt;&lt;/sld:FeatureTypeStyle&gt;&lt;/sld:UserStyle&gt;</string>
    </entry>
    <entry>
      <string>negevVer3.FarmerAgent</string>
      <string>&lt;?xml version=&quot;1.0&quot; encoding=&quot;UTF-8&quot;?&gt;&lt;sld:UserStyle xmlns=&quot;http://www.opengis.net/sld&quot; xmlns:sld=&quot;http://www.opengis.net/sld&quot; xmlns:ogc=&quot;http://www.opengis.net/ogc&quot; xmlns:gml=&quot;http://www.opengis.net/gml&quot;&gt;&lt;sld:Name&gt;Default Styler&lt;/sld:Name&gt;&lt;sld:Title/&gt;&lt;sld:FeatureTypeStyle&gt;&lt;sld:Name&gt;name&lt;/sld:Name&gt;&lt;sld:Rule&gt;&lt;sld:PointSymbolizer&gt;&lt;sld:Graphic&gt;&lt;sld:Mark&gt;&lt;sld:Fill&gt;&lt;sld:CssParameter name=&quot;fill&quot;&gt;#0000FF&lt;/sld:CssParameter&gt;&lt;/sld:Fill&gt;&lt;sld:Stroke/&gt;&lt;/sld:Mark&gt;&lt;sld:Size&gt;10.0&lt;/sld:Size&gt;&lt;/sld:Graphic&gt;&lt;/sld:PointSymbolizer&gt;&lt;/sld:Rule&gt;&lt;/sld:FeatureTypeStyle&gt;&lt;/sld:UserStyle&gt;</string>
    </entry>
    <entry>
      <string>negevVer3.Settlement</string>
      <string>&lt;?xml version=&quot;1.0&quot; encoding=&quot;UTF-8&quot;?&gt;&lt;sld:UserStyle xmlns=&quot;http://www.opengis.net/sld&quot; xmlns:sld=&quot;http://www.opengis.net/sld&quot; xmlns:ogc=&quot;http://www.opengis.net/ogc&quot; xmlns:gml=&quot;http://www.opengis.net/gml&quot;&gt;&lt;sld:Name&gt;Default Styler&lt;/sld:Name&gt;&lt;sld:Title/&gt;&lt;sld:FeatureTypeStyle&gt;&lt;sld:Name&gt;name&lt;/sld:Name&gt;&lt;sld:Rule&gt;&lt;sld:PointSymbolizer&gt;&lt;sld:Graphic&gt;&lt;sld:Mark&gt;&lt;sld:Fill&gt;&lt;sld:CssParameter name=&quot;fill&quot;&gt;#0000FF&lt;/sld:CssParameter&gt;&lt;/sld:Fill&gt;&lt;sld:Stroke/&gt;&lt;/sld:Mark&gt;&lt;sld:Size&gt;10.0&lt;/sld:Size&gt;&lt;/sld:Graphic&gt;&lt;/sld:PointSymbolizer&gt;&lt;/sld:Rule&gt;&lt;/sld:FeatureTypeStyle&gt;&lt;/sld:UserStyle&gt;</string>
    </entry>
    <entry>
      <string>negevVer3.Crop</string>
      <string>&lt;?xml version=&quot;1.0&quot; encoding=&quot;UTF-8&quot;?&gt;&lt;sld:UserStyle xmlns=&quot;http://www.opengis.net/sld&quot; xmlns:sld=&quot;http://www.opengis.net/sld&quot; xmlns:ogc=&quot;http://www.opengis.net/ogc&quot; xmlns:gml=&quot;http://www.opengis.net/gml&quot;&gt;&lt;sld:Name&gt;Default Styler&lt;/sld:Name&gt;&lt;sld:Title/&gt;&lt;sld:FeatureTypeStyle&gt;&lt;sld:Name&gt;name&lt;/sld:Name&gt;&lt;sld:Rule&gt;&lt;sld:PointSymbolizer&gt;&lt;sld:Graphic&gt;&lt;sld:Mark&gt;&lt;sld:Fill&gt;&lt;sld:CssParameter name=&quot;fill&quot;&gt;#0000FF&lt;/sld:CssParameter&gt;&lt;/sld:Fill&gt;&lt;sld:Stroke/&gt;&lt;/sld:Mark&gt;&lt;sld:Size&gt;10.0&lt;/sld:Size&gt;&lt;/sld:Graphic&gt;&lt;/sld:PointSymbolizer&gt;&lt;/sld:Rule&gt;&lt;/sld:FeatureTypeStyle&gt;&lt;/sld:UserStyle&gt;</string>
    </entry>
    <entry>
      <string>negevVer3.Road</string>
      <string>&lt;?xml version=&quot;1.0&quot; encoding=&quot;UTF-8&quot;?&gt;&lt;sld:UserStyle xmlns=&quot;http://www.opengis.net/sld&quot; xmlns:sld=&quot;http://www.opengis.net/sld&quot; xmlns:ogc=&quot;http://www.opengis.net/ogc&quot; xmlns:gml=&quot;http://www.opengis.net/gml&quot;&gt;&lt;sld:Name&gt;Default Styler&lt;/sld:Name&gt;&lt;sld:Title/&gt;&lt;sld:FeatureTypeStyle&gt;&lt;sld:Name&gt;name&lt;/sld:Name&gt;&lt;sld:Rule&gt;&lt;sld:PointSymbolizer&gt;&lt;sld:Graphic&gt;&lt;sld:Mark&gt;&lt;sld:Fill&gt;&lt;sld:CssParameter name=&quot;fill&quot;&gt;#0000FF&lt;/sld:CssParameter&gt;&lt;/sld:Fill&gt;&lt;sld:Stroke/&gt;&lt;/sld:Mark&gt;&lt;sld:Size&gt;10.0&lt;/sld:Size&gt;&lt;/sld:Graphic&gt;&lt;/sld:PointSymbolizer&gt;&lt;/sld:Rule&gt;&lt;/sld:FeatureTypeStyle&gt;&lt;/sld:UserStyle&gt;</string>
    </entry>
    <entry>
      <string>negevVer3.Pixel$Classification</string>
      <string>&lt;?xml version=&quot;1.0&quot; encoding=&quot;UTF-8&quot;?&gt;&lt;sld:UserStyle xmlns=&quot;http://www.opengis.net/sld&quot; xmlns:sld=&quot;http://www.opengis.net/sld&quot; xmlns:ogc=&quot;http://www.opengis.net/ogc&quot; xmlns:gml=&quot;http://www.opengis.net/gml&quot;&gt;&lt;sld:Name&gt;Default Styler&lt;/sld:Name&gt;&lt;sld:Title/&gt;&lt;sld:FeatureTypeStyle&gt;&lt;sld:Name&gt;name&lt;/sld:Name&gt;&lt;sld:Rule&gt;&lt;sld:PointSymbolizer&gt;&lt;sld:Graphic&gt;&lt;sld:Mark&gt;&lt;sld:Fill&gt;&lt;sld:CssParameter name=&quot;fill&quot;&gt;#0000FF&lt;/sld:CssParameter&gt;&lt;/sld:Fill&gt;&lt;sld:Stroke/&gt;&lt;/sld:Mark&gt;&lt;sld:Size&gt;10.0&lt;/sld:Size&gt;&lt;/sld:Graphic&gt;&lt;/sld:PointSymbolizer&gt;&lt;/sld:Rule&gt;&lt;/sld:FeatureTypeStyle&gt;&lt;/sld:UserStyle&gt;</string>
    </entry>
    <entry>
      <string>negevVer3.Zone</string>
      <string>&lt;?xml version=&quot;1.0&quot; encoding=&quot;UTF-8&quot;?&gt;&lt;sld:UserStyle xmlns=&quot;http://www.opengis.net/sld&quot; xmlns:sld=&quot;http://www.opengis.net/sld&quot; xmlns:ogc=&quot;http://www.opengis.net/ogc&quot; xmlns:gml=&quot;http://www.opengis.net/gml&quot;&gt;&lt;sld:Name&gt;Default Styler&lt;/sld:Name&gt;&lt;sld:Title/&gt;&lt;sld:FeatureTypeStyle&gt;&lt;sld:Name&gt;name&lt;/sld:Name&gt;&lt;sld:Rule&gt;&lt;sld:PointSymbolizer&gt;&lt;sld:Graphic&gt;&lt;sld:Mark&gt;&lt;sld:Fill&gt;&lt;sld:CssParameter name=&quot;fill&quot;&gt;#0000FF&lt;/sld:CssParameter&gt;&lt;/sld:Fill&gt;&lt;sld:Stroke/&gt;&lt;/sld:Mark&gt;&lt;sld:Size&gt;10.0&lt;/sld:Size&gt;&lt;/sld:Graphic&gt;&lt;/sld:PointSymbolizer&gt;&lt;/sld:Rule&gt;&lt;/sld:FeatureTypeStyle&gt;&lt;/sld:UserStyle&gt;</string>
    </entry>
    <entry>
      <string>negevVer3.SettlementStyle</string>
      <string>&lt;?xml version=&quot;1.0&quot; encoding=&quot;UTF-8&quot;?&gt;&lt;sld:UserStyle xmlns=&quot;http://www.opengis.net/sld&quot; xmlns:sld=&quot;http://www.opengis.net/sld&quot; xmlns:ogc=&quot;http://www.opengis.net/ogc&quot; xmlns:gml=&quot;http://www.opengis.net/gml&quot;&gt;&lt;sld:Name&gt;Default Styler&lt;/sld:Name&gt;&lt;sld:Title/&gt;&lt;sld:FeatureTypeStyle&gt;&lt;sld:Name&gt;name&lt;/sld:Name&gt;&lt;sld:Rule&gt;&lt;sld:PointSymbolizer&gt;&lt;sld:Graphic&gt;&lt;sld:Mark&gt;&lt;sld:Fill&gt;&lt;sld:CssParameter name=&quot;fill&quot;&gt;#0000FF&lt;/sld:CssParameter&gt;&lt;/sld:Fill&gt;&lt;sld:Stroke/&gt;&lt;/sld:Mark&gt;&lt;sld:Size&gt;10.0&lt;/sld:Size&gt;&lt;/sld:Graphic&gt;&lt;/sld:PointSymbolizer&gt;&lt;/sld:Rule&gt;&lt;/sld:FeatureTypeStyle&gt;&lt;/sld:UserStyle&gt;</string>
    </entry>
    <entry>
      <string>negevVer3.ZoneStyle</string>
      <string>&lt;?xml version=&quot;1.0&quot; encoding=&quot;UTF-8&quot;?&gt;&lt;sld:UserStyle xmlns=&quot;http://www.opengis.net/sld&quot; xmlns:sld=&quot;http://www.opengis.net/sld&quot; xmlns:ogc=&quot;http://www.opengis.net/ogc&quot; xmlns:gml=&quot;http://www.opengis.net/gml&quot;&gt;&lt;sld:Name&gt;Default Styler&lt;/sld:Name&gt;&lt;sld:Title/&gt;&lt;sld:FeatureTypeStyle&gt;&lt;sld:Name&gt;name&lt;/sld:Name&gt;&lt;sld:Rule&gt;&lt;sld:PointSymbolizer&gt;&lt;sld:Graphic&gt;&lt;sld:Mark&gt;&lt;sld:Fill&gt;&lt;sld:CssParameter name=&quot;fill&quot;&gt;#0000FF&lt;/sld:CssParameter&gt;&lt;/sld:Fill&gt;&lt;sld:Stroke/&gt;&lt;/sld:Mark&gt;&lt;sld:Size&gt;10.0&lt;/sld:Size&gt;&lt;/sld:Graphic&gt;&lt;/sld:PointSymbolizer&gt;&lt;/sld:Rule&gt;&lt;/sld:FeatureTypeStyle&gt;&lt;/sld:UserStyle&gt;</string>
    </entry>
    <entry>
      <string>negevVer3.Crop$Type</string>
      <string>&lt;?xml version=&quot;1.0&quot; encoding=&quot;UTF-8&quot;?&gt;&lt;sld:UserStyle xmlns=&quot;http://www.opengis.net/sld&quot; xmlns:sld=&quot;http://www.opengis.net/sld&quot; xmlns:ogc=&quot;http://www.opengis.net/ogc&quot; xmlns:gml=&quot;http://www.opengis.net/gml&quot;&gt;&lt;sld:Name&gt;Default Styler&lt;/sld:Name&gt;&lt;sld:Title/&gt;&lt;sld:FeatureTypeStyle&gt;&lt;sld:Name&gt;name&lt;/sld:Name&gt;&lt;sld:Rule&gt;&lt;sld:PointSymbolizer&gt;&lt;sld:Graphic&gt;&lt;sld:Mark&gt;&lt;sld:Fill&gt;&lt;sld:CssParameter name=&quot;fill&quot;&gt;#0000FF&lt;/sld:CssParameter&gt;&lt;/sld:Fill&gt;&lt;sld:Stroke/&gt;&lt;/sld:Mark&gt;&lt;sld:Size&gt;10.0&lt;/sld:Size&gt;&lt;/sld:Graphic&gt;&lt;/sld:PointSymbolizer&gt;&lt;/sld:Rule&gt;&lt;/sld:FeatureTypeStyle&gt;&lt;/sld:UserStyle&gt;</string>
    </entry>
    <entry>
      <string>negevVer3.AgriculturalLandParcel</string>
      <string>&lt;?xml version=&quot;1.0&quot; encoding=&quot;UTF-8&quot;?&gt;&lt;sld:UserStyle xmlns=&quot;http://www.opengis.net/sld&quot; xmlns:sld=&quot;http://www.opengis.net/sld&quot; xmlns:ogc=&quot;http://www.opengis.net/ogc&quot; xmlns:gml=&quot;http://www.opengis.net/gml&quot;&gt;&lt;sld:Name&gt;Default Styler&lt;/sld:Name&gt;&lt;sld:Title/&gt;&lt;sld:FeatureTypeStyle&gt;&lt;sld:Name&gt;name&lt;/sld:Name&gt;&lt;sld:Rule&gt;&lt;sld:PointSymbolizer&gt;&lt;sld:Graphic&gt;&lt;sld:Mark&gt;&lt;sld:Fill&gt;&lt;sld:CssParameter name=&quot;fill&quot;&gt;#0000FF&lt;/sld:CssParameter&gt;&lt;/sld:Fill&gt;&lt;sld:Stroke/&gt;&lt;/sld:Mark&gt;&lt;sld:Size&gt;10.0&lt;/sld:Size&gt;&lt;/sld:Graphic&gt;&lt;/sld:PointSymbolizer&gt;&lt;/sld:Rule&gt;&lt;/sld:FeatureTypeStyle&gt;&lt;/sld:UserStyle&gt;</string>
    </entry>
    <entry>
      <string>negevVer3.AgriculturalLandParcel$Status</string>
      <string>&lt;?xml version=&quot;1.0&quot; encoding=&quot;UTF-8&quot;?&gt;&lt;sld:UserStyle xmlns=&quot;http://www.opengis.net/sld&quot; xmlns:sld=&quot;http://www.opengis.net/sld&quot; xmlns:ogc=&quot;http://www.opengis.net/ogc&quot; xmlns:gml=&quot;http://www.opengis.net/gml&quot;&gt;&lt;sld:Name&gt;Default Styler&lt;/sld:Name&gt;&lt;sld:Title/&gt;&lt;sld:FeatureTypeStyle&gt;&lt;sld:Name&gt;name&lt;/sld:Name&gt;&lt;sld:Rule&gt;&lt;sld:PointSymbolizer&gt;&lt;sld:Graphic&gt;&lt;sld:Mark&gt;&lt;sld:Fill&gt;&lt;sld:CssParameter name=&quot;fill&quot;&gt;#0000FF&lt;/sld:CssParameter&gt;&lt;/sld:Fill&gt;&lt;sld:Stroke/&gt;&lt;/sld:Mark&gt;&lt;sld:Size&gt;10.0&lt;/sld:Size&gt;&lt;/sld:Graphic&gt;&lt;/sld:PointSymbolizer&gt;&lt;/sld:Rule&gt;&lt;/sld:FeatureTypeStyle&gt;&lt;/sld:UserStyle&gt;</string>
    </entry>
  </styles>
  <editedStyles/>
  <netStyles/>
  <editedNetStyles/>
  <frequency>ON_NEW</frequency>
  <schedParams>
    <start>1.0</start>
    <interval>1.0</interval>
    <priority>-Infinity</priority>
    <pType>LAST</pType>
    <duration>-1.0</duration>
    <frequency>REPEAT</frequency>
    <hashCode>1208503448</hashCode>
  </schedParams>
  <layoutInterval>0</layoutInterval>
  <layerOrder>
    <entry>
      <string>negevVer3.Zone$Type</string>
      <int>3</int>
    </entry>
    <entry>
      <string>negevVer3.FarmerAgentStyle</string>
      <int>2</int>
    </entry>
    <entry>
      <string>negevVer3.PGMReader</string>
      <int>12</int>
    </entry>
    <entry>
      <string>negevVer3.ImageReader</string>
      <int>1</int>
    </entry>
    <entry>
      <string>negevVer3.Pixel</string>
      <int>7</int>
    </entry>
    <entry>
      <string>negevVer3.AgriculturalLandParcelStyle</string>
      <int>6</int>
    </entry>
    <entry>
      <string>negevVer3.ContextCreator</string>
      <int>15</int>
    </entry>
    <entry>
      <string>negevVer3.RoadStyle</string>
      <int>10</int>
    </entry>
    <entry>
      <string>negevVer3.PixelStyle</string>
      <int>14</int>
    </entry>
    <entry>
      <string>negevVer3.FarmerAgent</string>
      <int>19</int>
    </entry>
    <entry>
      <string>negevVer3.Settlement</string>
      <int>5</int>
    </entry>
    <entry>
      <string>negevVer3.Crop</string>
      <int>17</int>
    </entry>
    <entry>
      <string>negevVer3.Road</string>
      <int>11</int>
    </entry>
    <entry>
      <string>negevVer3.Pixel$Classification</string>
      <int>9</int>
    </entry>
    <entry>
      <string>negevVer3.Zone</string>
      <int>16</int>
    </entry>
    <entry>
      <string>negevVer3.SettlementStyle</string>
      <int>0</int>
    </entry>
    <entry>
      <string>negevVer3.ZoneStyle</string>
      <int>4</int>
    </entry>
    <entry>
      <string>negevVer3.Crop$Type</string>
      <int>8</int>
    </entry>
    <entry>
      <string>negevVer3.AgriculturalLandParcel</string>
      <int>13</int>
    </entry>
    <entry>
      <string>negevVer3.AgriculturalLandParcel$Status</string>
      <int>18</int>
    </entry>
  </layerOrder>
  <projections>
    <repast.simphony.scenario.data.ProjectionData>
      <id>Geography</id>
      <attributes/>
      <type>GEOGRAPHY</type>
    </repast.simphony.scenario.data.ProjectionData>
  </projections>
  <valueLayers/>
  <projectionDescriptors>
    <entry>
      <string>Geography</string>
      <repast.simphony.visualization.gis.GisProjectionDescriptor>
        <proj reference="../../../../projections/repast.simphony.scenario.data.ProjectionData"/>
        <props/>
      </repast.simphony.visualization.gis.GisProjectionDescriptor>
    </entry>
  </projectionDescriptors>
  <props>
    <entry>
      <string>class repast.simphony.visualization.gis.DisplayGIS.SHP_FILE_STYLE_PROP</string>
      <map/>
    </entry>
  </props>
</repast.simphony.visualization.engine.DefaultDisplayDescriptor>