<repast.simphony.visualization.engine.DefaultDisplayDescriptor>
  <name>A Display</name>
  <type>GIS3D</type>
  <styles>
    <entry>
      <string>negevVer3.Settlement</string>
      <string>negevVer3.SettlementStyle</string>
    </entry>
    <entry>
      <string>negevVer3.FarmerAgent</string>
      <string>negevVer3.FarmerAgentStyle</string>
    </entry>
    <entry>
      <string>negevVer3.SoilType</string>
      <string>negevVer3.SoilTypeStyle</string>
    </entry>
    <entry>
      <string>negevVer3.RainfallThickness</string>
      <string>negevVer3.RainfallThicknessStyle</string>
    </entry>
    <entry>
      <string>negevVer3.Road</string>
      <string>negevVer3.RoadStyle</string>
    </entry>
    <entry>
      <string>negevVer3.UnsuitableArea</string>
      <string>negevVer3.UnsuitableAreaStyle</string>
    </entry>
    <entry>
      <string>negevVer3.IrrigationPipeLink</string>
      <string>negevVer3.IrrigationPipeLinkStyle</string>
    </entry>
    <entry>
      <string>negevVer3.Boundary</string>
      <string>negevVer3.BoundaryStyle</string>
    </entry>
    <entry>
      <string>negevVer3.Pixel</string>
      <string>negevVer3.PixelStyle</string>
    </entry>
    <entry>
      <string>negevVer3.AgriculturalLandParcel</string>
      <string>negevVer3.AgriculturalLandParcelStyle_old</string>
    </entry>
  </styles>
  <editedStyles>
    <entry>
      <string>negevVer3.Settlement</string>
      <null/>
    </entry>
    <entry>
      <string>negevVer3.FarmerAgent</string>
      <null/>
    </entry>
    <entry>
      <string>negevVer3.SoilType</string>
      <null/>
    </entry>
    <entry>
      <string>negevVer3.RainfallThickness</string>
      <null/>
    </entry>
    <entry>
      <string>negevVer3.Road</string>
      <null/>
    </entry>
    <entry>
      <string>negevVer3.UnsuitableArea</string>
      <null/>
    </entry>
    <entry>
      <string>negevVer3.IrrigationPipeLink</string>
      <null/>
    </entry>
    <entry>
      <string>negevVer3.Boundary</string>
      <null/>
    </entry>
    <entry>
      <string>negevVer3.Pixel</string>
      <null/>
    </entry>
    <entry>
      <string>negevVer3.AgriculturalLandParcel</string>
      <null/>
    </entry>
  </editedStyles>
  <netStyles/>
  <editedNetStyles/>
  <frequency>ON_NEW</frequency>
  <schedParams>
    <start>1.0</start>
    <interval>1.0</interval>
    <priority>-Infinity</priority>
    <pType>LAST</pType>
    <duration>-1.0</duration>
    <frequency>REPEAT</frequency>
    <hashCode>-438820540</hashCode>
  </schedParams>
  <layoutInterval>0</layoutInterval>
  <layerOrder>
    <entry>
      <string>negevVer3.Settlement</string>
      <int>7</int>
    </entry>
    <entry>
      <string>negevVer3.FarmerAgent</string>
      <int>6</int>
    </entry>
    <entry>
      <string>negevVer3.SoilType</string>
      <int>1</int>
    </entry>
    <entry>
      <string>negevVer3.RainfallThickness</string>
      <int>0</int>
    </entry>
    <entry>
      <string>negevVer3.Road</string>
      <int>9</int>
    </entry>
    <entry>
      <string>negevVer3.UnsuitableArea</string>
      <int>5</int>
    </entry>
    <entry>
      <string>negevVer3.IrrigationPipeLink</string>
      <int>8</int>
    </entry>
    <entry>
      <string>negevVer3.Boundary</string>
      <int>2</int>
    </entry>
    <entry>
      <string>negevVer3.Pixel</string>
      <int>3</int>
    </entry>
    <entry>
      <string>negevVer3.AgriculturalLandParcel</string>
      <int>4</int>
    </entry>
  </layerOrder>
  <projections>
    <repast.simphony.scenario.data.ProjectionData>
      <id>Geography</id>
      <attributes/>
      <type>GEOGRAPHY</type>
    </repast.simphony.scenario.data.ProjectionData>
  </projections>
  <valueLayers/>
  <projectionDescriptors>
    <entry>
      <string>Geography</string>
      <repast.simphony.visualization.gis.GisProjectionDescriptor>
        <proj reference="../../../../projections/repast.simphony.scenario.data.ProjectionData"/>
        <props/>
      </repast.simphony.visualization.gis.GisProjectionDescriptor>
    </entry>
  </projectionDescriptors>
  <props/>
</repast.simphony.visualization.engine.DefaultDisplayDescriptor>