<repast.simphony.chart2.engine.TimeSeriesChartDescriptor>
  <name>Time Series Starving Farmers</name>
  <dataSet>Farmers - non Aggregate</dataSet>
  <xAxisLabel>Tick Count</xAxisLabel>
  <yAxisLabel>Count</yAxisLabel>
  <chartTitle>Starving Farmers</chartTitle>
  <type>TIME_SERIES</type>
  <background>
    <red>192</red>
    <green>192</green>
    <blue>192</blue>
    <alpha>255</alpha>
  </background>
  <gridLineColor>
    <red>255</red>
    <green>255</green>
    <blue>255</blue>
    <alpha>255</alpha>
  </gridLineColor>
  <showGrid>true</showGrid>
  <showLegend>true</showLegend>
  <seriesIds>
    <entry>
      <string>NumEmigrants</string>
      <SeriesData>
        <label></label>
      </SeriesData>
    </entry>
  </seriesIds>
  <dataValueIds>
    <string>NumStarving</string>
  </dataValueIds>
  <plotRangeLength>-1</plotRangeLength>
</repast.simphony.chart2.engine.TimeSeriesChartDescriptor>