<repast.simphony.data2.engine.DataSetDescriptor>
  <name>Farmers - non Aggregate</name>
  <type>NON_AGGREGATE</type>
  <sourceType>negevVer3.FarmerAgent</sourceType>
  <inclTick>true</inclTick>
  <inclBatchRun>false</inclBatchRun>
  <inclRandomSeed>false</inclRandomSeed>
  <scheduleParams>
    <start>1.0</start>
    <interval>1.0</interval>
    <priority>-Infinity</priority>
    <pType>LAST</pType>
    <duration>-1.0</duration>
    <frequency>REPEAT</frequency>
    <hashCode>1588682497</hashCode>
  </scheduleParams>
  <atEnd>false</atEnd>
  <methodDataSources class="linked-hash-map">
    <entry>
      <string>NumEmigrants</string>
      <repast.simphony.data2.engine.MethodDataSourceDefinition>
        <id>NumEmigrants</id>
        <className>negevVer3.FarmerAgent</className>
        <methodName>getNumEmigrants</methodName>
      </repast.simphony.data2.engine.MethodDataSourceDefinition>
    </entry>
    <entry>
      <string>NumStarving</string>
      <repast.simphony.data2.engine.MethodDataSourceDefinition>
        <id>NumStarving</id>
        <className>negevVer3.FarmerAgent</className>
        <methodName>getNumStarving</methodName>
      </repast.simphony.data2.engine.MethodDataSourceDefinition>
    </entry>
    <entry>
      <string>StarvingStatus</string>
      <repast.simphony.data2.engine.MethodDataSourceDefinition>
        <id>StarvingStatus</id>
        <className>negevVer3.FarmerAgent</className>
        <methodName>getStarvingStatus</methodName>
      </repast.simphony.data2.engine.MethodDataSourceDefinition>
    </entry>
    <entry>
      <string>TotalNumFarmers</string>
      <repast.simphony.data2.engine.MethodDataSourceDefinition>
        <id>TotalNumFarmers</id>
        <className>negevVer3.FarmerAgent</className>
        <methodName>getTotalNumFarmers</methodName>
      </repast.simphony.data2.engine.MethodDataSourceDefinition>
    </entry>
  </methodDataSources>
  <countSources class="linked-hash-map"/>
  <customNADataSources class="linked-hash-map"/>
  <customAggDataSources class="linked-hash-map"/>
</repast.simphony.data2.engine.DataSetDescriptor>