<repast.simphony.data2.engine.FileSinkDescriptor>
  <name>Wheat-yield-acreage</name>
  <dataSet>Wheat acreage and yield</dataSet>
  <delimiter>,</delimiter>
  <format>TABULAR</format>
  <sourceIds class="linked-hash-set">
    <string>tick</string>
    <string>TotalAgriArea</string>
    <string>TotalWheatCroppedArea</string>
    <string>WheatGrainYield</string>
    <string>WheatStrawYield</string>
    <string>WheatStubble</string>
    <string>CurrentCultivatedArea</string>
    <string>CurrentIrrigatedArea</string>
    <string>TotalConnectedToIrr</string>
    <string>CurrentlyUnusedWater</string>
  </sourceIds>
  <fileName>C:\Users\Assaf\Documents\PHD\Beit_Kama\file_sink\wheat_yield</fileName>
  <addTimeStamp>true</addTimeStamp>
</repast.simphony.data2.engine.FileSinkDescriptor>