<repast.simphony.chart2.engine.TimeSeriesChartDescriptor>
  <name>Wheat acreage and yield time series</name>
  <dataSet>Wheat acreage and yield</dataSet>
  <xAxisLabel>Tick Count</xAxisLabel>
  <yAxisLabel>m^2 x 10^4 and kg^3</yAxisLabel>
  <chartTitle>Total Wheat acreage and yield</chartTitle>
  <type>TIME_SERIES</type>
  <background>
    <red>192</red>
    <green>192</green>
    <blue>192</blue>
    <alpha>255</alpha>
  </background>
  <gridLineColor>
    <red>255</red>
    <green>255</green>
    <blue>255</blue>
    <alpha>255</alpha>
  </gridLineColor>
  <showGrid>true</showGrid>
  <showLegend>true</showLegend>
  <seriesIds>
    <entry>
      <string>WheatAcreage</string>
      <SeriesData>
        <label>WheatAcreage</label>
        <color>
          <red>0</red>
          <green>0</green>
          <blue>255</blue>
          <alpha>255</alpha>
        </color>
      </SeriesData>
    </entry>
    <entry>
      <string>WheatYield</string>
      <SeriesData>
        <label>WheatYield</label>
        <color>
          <red>255</red>
          <green>0</green>
          <blue>0</blue>
          <alpha>255</alpha>
        </color>
      </SeriesData>
    </entry>
  </seriesIds>
  <dataValueIds/>
  <plotRangeLength>-1</plotRangeLength>
</repast.simphony.chart2.engine.TimeSeriesChartDescriptor>