<repast.simphony.data2.engine.DataSetDescriptor>
  <name>Current crop</name>
  <type>NON_AGGREGATE</type>
  <sourceType>negevVer3.AgriculturalLandParcel</sourceType>
  <inclTick>true</inclTick>
  <inclBatchRun>false</inclBatchRun>
  <inclRandomSeed>false</inclRandomSeed>
  <scheduleParams>
    <start>1.0</start>
    <interval>1.0</interval>
    <priority>-Infinity</priority>
    <pType>LAST</pType>
    <duration>-1.0</duration>
    <frequency>REPEAT</frequency>
    <hashCode>-586957770</hashCode>
  </scheduleParams>
  <atEnd>false</atEnd>
  <methodDataSources class="linked-hash-map">
    <entry>
      <string>Area</string>
      <repast.simphony.data2.engine.MethodDataSourceDefinition>
        <id>Area</id>
        <className>negevVer3.AgriculturalLandParcel</className>
        <methodName>getArea</methodName>
      </repast.simphony.data2.engine.MethodDataSourceDefinition>
    </entry>
    <entry>
      <string>ParcelId</string>
      <repast.simphony.data2.engine.MethodDataSourceDefinition>
        <id>ParcelId</id>
        <className>negevVer3.AgriculturalLandParcel</className>
        <methodName>getParcelId</methodName>
      </repast.simphony.data2.engine.MethodDataSourceDefinition>
    </entry>
    <entry>
      <string>CurrentCropName</string>
      <repast.simphony.data2.engine.MethodDataSourceDefinition>
        <id>CurrentCropName</id>
        <className>negevVer3.AgriculturalLandParcel</className>
        <methodName>getCurrentCropName</methodName>
      </repast.simphony.data2.engine.MethodDataSourceDefinition>
    </entry>
  </methodDataSources>
  <countSources class="linked-hash-map"/>
  <customNADataSources class="linked-hash-map"/>
  <customAggDataSources class="linked-hash-map"/>
</repast.simphony.data2.engine.DataSetDescriptor>