<repast.simphony.data2.engine.FileSinkDescriptor>
  <name>parcelWheatYield</name>
  <dataSet>parcelDetails</dataSet>
  <delimiter>,</delimiter>
  <format>TABULAR</format>
  <sourceIds class="linked-hash-set">
    <string>tick</string>
    <string>ParcelId</string>
    <string>Area</string>
    <string>CurrentCropName</string>
    <string>HasIrrigationInf</string>
    <string>RainThickness</string>
    <string>CurrentWheatYieldForFarmer</string>
    <string>CurrentWheatYieldForGrazing</string>
    <string>CurrentStrawWheatYield</string>
    <string>SettlementID</string>
    <string>IrrigatedThisCycle</string>
    <string>PrevYearCropName</string>
    <string>Prev2YearCropName</string>
  </sourceIds>
  <fileName>C:\Users\Assaf\Documents\PHD\Beit_Kama\file_sink\parcel_wheat_yield_acreage</fileName>
  <addTimeStamp>true</addTimeStamp>
</repast.simphony.data2.engine.FileSinkDescriptor>