<repast.simphony.data2.engine.DataSetDescriptor>
  <name>Infrastructure Length</name>
  <type>AGGREGATE</type>
  <inclTick>true</inclTick>
  <inclBatchRun>false</inclBatchRun>
  <inclRandomSeed>false</inclRandomSeed>
  <scheduleParams>
    <start>1.0</start>
    <interval>1.0</interval>
    <priority>-Infinity</priority>
    <pType>LAST</pType>
    <duration>-1.0</duration>
    <frequency>REPEAT</frequency>
    <hashCode>420659796</hashCode>
  </scheduleParams>
  <atEnd>false</atEnd>
  <methodDataSources class="linked-hash-map">
    <entry>
      <string>IrrigationLength</string>
      <repast.simphony.data2.engine.MethodDataSourceDefinition>
        <id>IrrigationLength</id>
        <className>negevVer3.IrrigationPipeLink</className>
        <methodName>getLength</methodName>
        <aggType>SUM</aggType>
      </repast.simphony.data2.engine.MethodDataSourceDefinition>
    </entry>
    <entry>
      <string>RoadLength</string>
      <repast.simphony.data2.engine.MethodDataSourceDefinition>
        <id>RoadLength</id>
        <className>negevVer3.Road</className>
        <methodName>getLength</methodName>
        <aggType>SUM</aggType>
      </repast.simphony.data2.engine.MethodDataSourceDefinition>
    </entry>
  </methodDataSources>
  <countSources class="linked-hash-map"/>
  <customNADataSources class="linked-hash-map"/>
  <customAggDataSources class="linked-hash-map"/>
</repast.simphony.data2.engine.DataSetDescriptor>