<repast.simphony.data2.engine.FileSinkDescriptor>
  <name>Total Ag area</name>
  <dataSet>Total Ag area - aggregate</dataSet>
  <delimiter>,</delimiter>
  <format>TABULAR</format>
  <sourceIds class="linked-hash-set">
    <string>tick</string>
    <string>AgriArea</string>
    <string>PotentiallyIrrigated</string>
    <string>FallowArea</string>
    <string>IrrigatedThisCycle</string>
    <string>CultivatedArea</string>
    <string>ConnectedToIrrInf</string>
  </sourceIds>
  <fileName>C:\Users\Assaf\Documents\PHD\Model - CA AB\Negev\File_sink\total_ag_area</fileName>
  <addTimeStamp>true</addTimeStamp>
</repast.simphony.data2.engine.FileSinkDescriptor>