<repast.simphony.data2.engine.DataSetDescriptor>
  <name>Total Ag area - aggregate</name>
  <type>AGGREGATE</type>
  <inclTick>true</inclTick>
  <inclBatchRun>false</inclBatchRun>
  <inclRandomSeed>false</inclRandomSeed>
  <scheduleParams>
    <start>1.0</start>
    <interval>1.0</interval>
    <priority>-Infinity</priority>
    <pType>LAST</pType>
    <duration>-1.0</duration>
    <frequency>REPEAT</frequency>
    <hashCode>420659796</hashCode>
  </scheduleParams>
  <atEnd>false</atEnd>
  <methodDataSources class="linked-hash-map">
    <entry>
      <string>AgriArea</string>
      <repast.simphony.data2.engine.MethodDataSourceDefinition>
        <id>AgriArea</id>
        <className>negevVer3.AgriculturalLandParcel</className>
        <methodName>getArea</methodName>
        <aggType>SUM</aggType>
      </repast.simphony.data2.engine.MethodDataSourceDefinition>
    </entry>
    <entry>
      <string>IrrigatedThisCycle</string>
      <repast.simphony.data2.engine.MethodDataSourceDefinition>
        <id>IrrigatedThisCycle</id>
        <className>negevVer3.AgriculturalLandParcel</className>
        <methodName>getIrrigatedArea</methodName>
        <aggType>SUM</aggType>
      </repast.simphony.data2.engine.MethodDataSourceDefinition>
    </entry>
    <entry>
      <string>FallowArea</string>
      <repast.simphony.data2.engine.MethodDataSourceDefinition>
        <id>FallowArea</id>
        <className>negevVer3.AgriculturalLandParcel</className>
        <methodName>getFallowArea</methodName>
        <aggType>SUM</aggType>
      </repast.simphony.data2.engine.MethodDataSourceDefinition>
    </entry>
    <entry>
      <string>CultivatedArea</string>
      <repast.simphony.data2.engine.MethodDataSourceDefinition>
        <id>CultivatedArea</id>
        <className>negevVer3.AgriculturalLandParcel</className>
        <methodName>getCultivatedArea</methodName>
        <aggType>SUM</aggType>
      </repast.simphony.data2.engine.MethodDataSourceDefinition>
    </entry>
    <entry>
      <string>ConnectedToIrrInf</string>
      <repast.simphony.data2.engine.MethodDataSourceDefinition>
        <id>ConnectedToIrrInf</id>
        <className>negevVer3.Settlement</className>
        <methodName>getTotalIrrigatedAgLandInStudyArea</methodName>
        <aggType>MEAN</aggType>
      </repast.simphony.data2.engine.MethodDataSourceDefinition>
    </entry>
  </methodDataSources>
  <countSources class="linked-hash-map"/>
  <customNADataSources class="linked-hash-map"/>
  <customAggDataSources class="linked-hash-map"/>
</repast.simphony.data2.engine.DataSetDescriptor>