<repast.simphony.chart2.engine.TimeSeriesChartDescriptor>
  <name>Total-Ag-Aggregate</name>
  <dataSet>Total Ag area - aggregate</dataSet>
  <xAxisLabel>Tick Count</xAxisLabel>
  <yAxisLabel>m^2</yAxisLabel>
  <chartTitle>Total Agricultural and potentially irrigated Area</chartTitle>
  <type>TIME_SERIES</type>
  <background>
    <red>192</red>
    <green>192</green>
    <blue>192</blue>
    <alpha>255</alpha>
  </background>
  <gridLineColor>
    <red>255</red>
    <green>255</green>
    <blue>255</blue>
    <alpha>255</alpha>
  </gridLineColor>
  <showGrid>true</showGrid>
  <showLegend>true</showLegend>
  <seriesIds>
    <entry>
      <string>AgriArea</string>
      <SeriesData>
        <label>AgriArea</label>
        <color>
          <red>0</red>
          <green>0</green>
          <blue>255</blue>
          <alpha>255</alpha>
        </color>
      </SeriesData>
    </entry>
    <entry>
      <string>CultivatedArea</string>
      <SeriesData>
        <label>CultivatedArea</label>
        <color>
          <red>255</red>
          <green>200</green>
          <blue>0</blue>
          <alpha>255</alpha>
        </color>
      </SeriesData>
    </entry>
    <entry>
      <string>IrrigatedThisCycle</string>
      <SeriesData>
        <label>IrrigatedThisCycle</label>
        <color>
          <red>0</red>
          <green>255</green>
          <blue>0</blue>
          <alpha>255</alpha>
        </color>
      </SeriesData>
    </entry>
    <entry>
      <string>PotentiallyIrrigated</string>
      <SeriesData>
        <label>PotentiallyIrrigated</label>
        <color>
          <red>255</red>
          <green>0</green>
          <blue>0</blue>
          <alpha>255</alpha>
        </color>
      </SeriesData>
    </entry>
    <entry>
      <string>FallowArea</string>
      <SeriesData>
        <label>FallowArea</label>
        <color>
          <red>255</red>
          <green>0</green>
          <blue>255</blue>
          <alpha>255</alpha>
        </color>
      </SeriesData>
    </entry>
  </seriesIds>
  <dataValueIds/>
  <plotRangeLength>-1</plotRangeLength>
</repast.simphony.chart2.engine.TimeSeriesChartDescriptor>