<repast.simphony.chart2.engine.HistogramChartDescriptor>
  <name>Histogram Starving Farmers</name>
  <dataSet>Farmers - non Aggregate</dataSet>
  <xAxisLabel>Starving / Non Starving</xAxisLabel>
  <yAxisLabel>Count</yAxisLabel>
  <chartTitle>Starving and non starving Farmers</chartTitle>
  <type>HISTOGRAM</type>
  <background>
    <red>192</red>
    <green>192</green>
    <blue>192</blue>
    <alpha>255</alpha>
  </background>
  <gridLineColor>
    <red>255</red>
    <green>255</green>
    <blue>255</blue>
    <alpha>255</alpha>
  </gridLineColor>
  <showGrid>true</showGrid>
  <showLegend>true</showLegend>
  <histType>DYNAMIC</histType>
  <binCount>10</binCount>
  <sourceId>StarvingStatus</sourceId>
  <outOfRange>IGNORE</outOfRange>
  <min>0.0</min>
  <max>0.0</max>
  <barColor>
    <red>255</red>
    <green>0</green>
    <blue>0</blue>
    <alpha>255</alpha>
  </barColor>
</repast.simphony.chart2.engine.HistogramChartDescriptor>