<?xml version="1.0" encoding="UTF-8" ?>
<Scenario>
<repast.simphony.action.file_sink context="NegevVer3" file="repast.simphony.action.file_sink_0.xml" />
<repast.simphony.action.file_sink context="NegevVer3" file="repast.simphony.action.file_sink_1.xml" />
<repast.simphony.action.file_sink context="NegevVer3" file="repast.simphony.action.file_sink_2.xml" />
<repast.simphony.action.file_sink context="NegevVer3" file="repast.simphony.action.file_sink_3.xml" />
<repast.simphony.action.data_set context="NegevVer3" file="repast.simphony.action.data_set_4.xml" />
<repast.simphony.action.data_set context="NegevVer3" file="repast.simphony.action.data_set_5.xml" />
<repast.simphony.action.data_set context="NegevVer3" file="repast.simphony.action.data_set_6.xml" />
<repast.simphony.action.data_set context="NegevVer3" file="repast.simphony.action.data_set_7.xml" />
<repast.simphony.action.data_set context="NegevVer3" file="repast.simphony.action.data_set_8.xml" />
<repast.simphony.action.data_set context="NegevVer3" file="repast.simphony.action.data_set_9.xml" />
<repast.simphony.action.data_set context="NegevVer3" file="repast.simphony.action.data_set_10.xml" />
<repast.simphony.dataLoader.engine.ClassNameDataLoaderAction context="NegevVer3" file="repast.simphony.dataLoader.engine.ClassNameDataLoaderAction_11.xml" />
<repast.simphony.action.display context="NegevVer3" file="repast.simphony.action.display_12.xml" />
<repast.simphony.action.display context="NegevVer3" file="repast.simphony.action.display_13.xml" />
<repast.simphony.action.time_series_chart context="NegevVer3" file="repast.simphony.action.time_series_chart_14.xml" />
<repast.simphony.action.time_series_chart context="NegevVer3" file="repast.simphony.action.time_series_chart_15.xml" />
<repast.simphony.action.time_series_chart context="NegevVer3" file="repast.simphony.action.time_series_chart_16.xml" />
<repast.simphony.action.time_series_chart context="NegevVer3" file="repast.simphony.action.time_series_chart_17.xml" />
<repast.simphony.action.histogram_chart context="NegevVer3" file="repast.simphony.action.histogram_chart_18.xml" />
<repast.simphony.action.time_series_chart context="NegevVer3" file="repast.simphony.action.time_series_chart_19.xml" />
</Scenario>