<?xml version="1.0"?>
<!--<!DOCTYPE metadata SYSTEM "http://www.esri.com/metadata/esriprof80.dtd">-->
<metadata xml:lang="he"><Esri><CreaDate>20140713</CreaDate><CreaTime>17164700</CreaTime><SyncOnce>FALSE</SyncOnce><DataProperties><lineage><Process Name="Create Feature Class" ToolSource="C:\Program Files\ArcGIS\ArcToolbox\Toolboxes\Data Management Tools.tbx\CreateFeatureclass" Date="20050724" Time="090419">CreateFeatureclass H:\thema\geology geop21 # polygon_Layer SAME_AS_TEMPLATE SAME_AS_TEMPLATE "PROJCS['GRS_1980_Transverse_Mercator',GEOGCS['GCS_GRS_1980',DATUM['D_GRS_1980',SPHEROID['GRS_1980',6378137.0,298.257222101]],PRIMEM['Greenwich',0.0],UNIT['Degree',0.0174532925199433]],PROJECTION['Transverse_Mercator'],PARAMETER['False_Easting',219529.584],PARAMETER['False_Northing',626907.39],PARAMETER['Central_Meridian',35.20451694444444],PARAMETER['Scale_Factor',1.00007],PARAMETER['Latitude_Of_Origin',31.73439361111111],UNIT['Meter',1.0]];-608608.839277 -223608.839277 1315.684590;0.000000 100000.000000;0.000000 100000.000000" # 0 0 0 H:\thema\geology\geop21.shp</Process><Process Name="Append" ToolSource="C:\Program Files\ArcGIS\ArcToolbox\Toolboxes\Data Management Tools.tbx\Append" Date="20050724" Time="090432">Append polygon_Layer H:\thema\geology\geop21.shp TEST H:\thema\geology\geop21.shp</Process><Process Name="FeatureClassToFeatureClass_1" ToolSource="C:\Program Files\ArcGIS\ArcToolbox\Toolboxes\Conversion Tools.tbx\FeatureClassToFeatureClass" Date="20050724" Time="090434">FeatureClassToFeatureClass H:\thema\geology\geop21\polygon H:\thema\geology geop21 # "AREA AREA VISIBLE;PERIMETER PERIMETER VISIBLE;GEOP21# GEOP21_ VISIBLE;GEOP21-ID GEOP21_ID VISIBLE;COLOR COLOR VISIBLE;CODE CODE VISIBLE" SAME_AS_TEMPLATE SAME_AS_TEMPLATE # 0 H:\thema\geology\geop21.shp</Process><Process ToolSource="c:\program files (x86)\arcgis\desktop10.1\ArcToolbox\Toolboxes\Analysis Tools.tbx\Clip" Date="20140409" Time="180105">Clip Lithology Research_Area_model G:\ResearchArea\Lithology_RA.shp #</Process><Process ToolSource="c:\program files (x86)\arcgis\desktop10.1\ArcToolbox\Toolboxes\Data Management Tools.tbx\CalculateField" Date="20140713" Time="163753">CalculateField Lithology_RA TypeCode [COLOR] VB #</Process></lineage><itemProps><itemName Sync="TRUE">Lithology_RA</itemName><imsContentType Sync="TRUE">002</imsContentType><nativeExtBox><westBL Sync="TRUE">125000.000000</westBL><eastBL Sync="TRUE">290000.000000</eastBL><southBL Sync="TRUE">380000.000000</southBL><northBL Sync="TRUE">805000.000000</northBL><exTypeCode Sync="TRUE">1</exTypeCode></nativeExtBox><itemSize Sync="TRUE">0.000</itemSize><itemLocation><linkage Sync="TRUE">file://\\ASSAF-RS\Users\Assaf\workspace\NegevVer2\gisdata\Lithology_RA</linkage><protocol Sync="TRUE">Local Area Network</protocol></itemLocation></itemProps><coordRef><type Sync="TRUE">Projected</type><geogcsn Sync="TRUE">GCS_Israel</geogcsn><projcsn Sync="TRUE">Israel_TM_Grid</projcsn><peXml Sync="TRUE">&lt;ProjectedCoordinateSystem xsi:type='typens:ProjectedCoordinateSystem' xmlns:xsi='http://www.w3.org/2001/XMLSchema-instance' xmlns:xs='http://www.w3.org/2001/XMLSchema' xmlns:typens='http://www.esri.com/schemas/ArcGIS/10.1'&gt;&lt;WKT&gt;PROJCS[&amp;quot;Israel_TM_Grid&amp;quot;,GEOGCS[&amp;quot;GCS_Israel&amp;quot;,DATUM[&amp;quot;D_Israel&amp;quot;,SPHEROID[&amp;quot;GRS_1980&amp;quot;,6378137.0,298.257222101]],PRIMEM[&amp;quot;Greenwich&amp;quot;,0.0],UNIT[&amp;quot;Degree&amp;quot;,0.0174532925199433]],PROJECTION[&amp;quot;Transverse_Mercator&amp;quot;],PARAMETER[&amp;quot;False_Easting&amp;quot;,219529.584],PARAMETER[&amp;quot;False_Northing&amp;quot;,626907.39],PARAMETER[&amp;quot;Central_Meridian&amp;quot;,35.20451694444445],PARAMETER[&amp;quot;Scale_Factor&amp;quot;,1.0000067],PARAMETER[&amp;quot;Latitude_Of_Origin&amp;quot;,31.73439361111111],UNIT[&amp;quot;Meter&amp;quot;,1.0],AUTHORITY[&amp;quot;EPSG&amp;quot;,2039]]&lt;/WKT&gt;&lt;XOrigin&gt;-5403700&lt;/XOrigin&gt;&lt;YOrigin&gt;-12887700&lt;/YOrigin&gt;&lt;XYScale&gt;450260905.33787519&lt;/XYScale&gt;&lt;ZOrigin&gt;-100000&lt;/ZOrigin&gt;&lt;ZScale&gt;10000&lt;/ZScale&gt;&lt;MOrigin&gt;-100000&lt;/MOrigin&gt;&lt;MScale&gt;10000&lt;/MScale&gt;&lt;XYTolerance&gt;0.001&lt;/XYTolerance&gt;&lt;ZTolerance&gt;0.001&lt;/ZTolerance&gt;&lt;MTolerance&gt;0.001&lt;/MTolerance&gt;&lt;HighPrecision&gt;true&lt;/HighPrecision&gt;&lt;WKID&gt;2039&lt;/WKID&gt;&lt;LatestWKID&gt;2039&lt;/LatestWKID&gt;&lt;/ProjectedCoordinateSystem&gt;</peXml><csUnits Sync="TRUE">Linear Unit: Meter (1.000000)</csUnits></coordRef><copyHistory><copy source="G:\ResearchArea\Lithology_RA" dest="\\ASSAF-RS\Users\Assaf\workspace\NegevVer2\gisdata\Lithology_RA" date="20140713" time="17164700"></copy></copyHistory></DataProperties><SyncDate>20140409</SyncDate><SyncTime>18010400</SyncTime><ModDate>20140409</ModDate><ModTime>18010400</ModTime><ArcGISFormat>1.0</ArcGISFormat><ArcGISstyle>INSPIRE Metadata Directive</ArcGISstyle></Esri><idinfo><citation><citeinfo><onlink Sync="TRUE">\\AVIVALAPTOP\C$\Users\hp\Documents\GIS data\Israel\Lithology</onlink></citeinfo></citation></idinfo><distInfo><distributor><distorTran><onLineSrc><linkage Sync="TRUE">file://\\AVIVALAPTOP\C$\Users\hp\Documents\GIS data\Israel\Lithology</linkage><protocol Sync="TRUE">Local Area Network</protocol></onLineSrc></distorTran></distributor><distFormat><formatName Sync="TRUE">Shapefile</formatName></distFormat><distTranOps><transSize Sync="TRUE">0.000</transSize></distTranOps></distInfo><dataqual><lineage><procstep><procdesc Sync="TRUE">Dataset copied.</procdesc><srcused Sync="TRUE">H:\geology\geop21</srcused><date Sync="TRUE">20050831</date><time Sync="TRUE">17455800</time></procstep><procstep><procdesc Sync="TRUE">Dataset copied.</procdesc><srcused Sync="TRUE"></srcused><date Sync="TRUE">20060621</date><time Sync="TRUE">10310400</time></procstep><procstep><procdesc Sync="TRUE">Dataset copied.</procdesc><srcused Sync="TRUE">E:\GIS_Alon\New_3_09\Lithology</srcused><procdate Sync="TRUE">20091116</procdate><proctime Sync="TRUE">11443700</proctime></procstep><procstep><procdesc Sync="TRUE">Dataset copied.</procdesc><srcused Sync="TRUE">E:\GIS course\Data\Israel\Lithology</srcused><procdate Sync="TRUE">20100310</procdate><proctime Sync="TRUE">17032400</proctime></procstep><procstep><procdesc Sync="TRUE">Dataset copied.</procdesc><srcused Sync="TRUE">G:\Lithology</srcused><procdate Sync="TRUE">20100310</procdate><proctime Sync="TRUE">17084600</proctime></procstep><procstep><procdesc Sync="TRUE">Dataset copied.</procdesc><srcused Sync="TRUE">C:\Users\hp\Documents\GIS_Adit\Classification\Tirzah\Lithology</srcused><procdate Sync="TRUE">20100614</procdate><proctime Sync="TRUE">10205500</proctime></procstep></lineage></dataqual><dataIdInfo><envirDesc Sync="TRUE">Microsoft Windows 7 Version 6.1 (Build 7601) Service Pack 1; Esri ArcGIS 10.1.1.3143</envirDesc><dataLang><languageCode value="heb" country="ISR"></languageCode><countryCode value="ISR" Sync="TRUE"></countryCode></dataLang><idCitation><resTitle Sync="TRUE">Lithology_RA</resTitle><presForm><PresFormCd value="005"></PresFormCd></presForm></idCitation><descKeys><thesaName uuidref="723f6998-058e-11dc-8314-0800200c9a66"></thesaName><keyword Sync="TRUE">002</keyword></descKeys><spatRpType><SpatRepTypCd value="001"></SpatRepTypCd></spatRpType><dataExt><geoEle><GeoBndBox esriExtentType="search"><westBL Sync="TRUE">34.189159</westBL><eastBL Sync="TRUE">35.961474</eastBL><northBL Sync="TRUE">33.340321</northBL><southBL Sync="TRUE">29.503696</southBL><exTypeCode Sync="TRUE">1</exTypeCode></GeoBndBox></geoEle></dataExt></dataIdInfo><mdLang><languageCode value="heb"></languageCode><countryCode value="ISR" Sync="TRUE"></countryCode></mdLang><mdHrLv><ScopeCd value="005"></ScopeCd></mdHrLv><mdHrLvName Sync="TRUE">dataset</mdHrLvName><refSysInfo><RefSystem><refSysID><identCode code="2039"></identCode><idCodeSpace Sync="TRUE">EPSG</idCodeSpace><idVersion Sync="TRUE">7.11.2</idVersion></refSysID></RefSystem></refSysInfo><spdoinfo><ptvctinf><esriterm Name="Lithology_RA"><efeatyp Sync="TRUE">Simple</efeatyp><efeageom code="4" Sync="TRUE"></efeageom><esritopo Sync="TRUE">FALSE</esritopo><efeacnt Sync="TRUE">0</efeacnt><spindex Sync="TRUE">FALSE</spindex><linrefer Sync="TRUE">FALSE</linrefer></esriterm></ptvctinf></spdoinfo><spatRepInfo><VectSpatRep><geometObjs Name="Lithology_RA"><geoObjTyp><GeoObjTypCd value="002" Sync="TRUE"></GeoObjTypCd></geoObjTyp><geoObjCnt Sync="TRUE">0</geoObjCnt></geometObjs><topLvl><TopoLevCd value="001" Sync="TRUE"></TopoLevCd></topLvl></VectSpatRep></spatRepInfo><eainfo><detailed Name="Lithology_RA"><enttyp><enttypl Sync="TRUE">Lithology_RA</enttypl><enttypt Sync="TRUE">Feature Class</enttypt><enttypc Sync="TRUE">0</enttypc></enttyp><attr><attrlabl Sync="TRUE">FID</attrlabl><attalias Sync="TRUE">FID</attalias><attrtype Sync="TRUE">OID</attrtype><attwidth Sync="TRUE">4</attwidth><atprecis Sync="TRUE">0</atprecis><attscale Sync="TRUE">0</attscale><attrdef Sync="TRUE">Internal feature number.</attrdef><attrdefs Sync="TRUE">ESRI</attrdefs><attrdomv><udom Sync="TRUE">Sequential unique whole numbers that are automatically generated.</udom></attrdomv></attr><attr><attrlabl Sync="TRUE">Shape</attrlabl><attalias Sync="TRUE">Shape</attalias><attrtype Sync="TRUE">Geometry</attrtype><attwidth Sync="TRUE">0</attwidth><atprecis Sync="TRUE">0</atprecis><attscale Sync="TRUE">0</attscale><attrdef Sync="TRUE">Feature geometry.</attrdef><attrdefs Sync="TRUE">ESRI</attrdefs><attrdomv><udom Sync="TRUE">Coordinates defining the features.</udom></attrdomv></attr><attr><attrlabl Sync="TRUE">AREA</attrlabl><attalias Sync="TRUE">AREA</attalias><attrtype Sync="TRUE">Double</attrtype><attwidth Sync="TRUE">19</attwidth><atprecis Sync="TRUE">18</atprecis><attscale Sync="TRUE">11</attscale></attr><attr><attrlabl Sync="TRUE">PERIMETER</attrlabl><attalias Sync="TRUE">PERIMETER</attalias><attrtype Sync="TRUE">Double</attrtype><attwidth Sync="TRUE">19</attwidth><atprecis Sync="TRUE">18</atprecis><attscale Sync="TRUE">11</attscale></attr><attr><attrlabl Sync="TRUE">GEOP21_</attrlabl><attalias Sync="TRUE">GEOP21_</attalias><attrtype Sync="TRUE">Integer</attrtype><attwidth Sync="TRUE">9</attwidth><atprecis Sync="TRUE">9</atprecis><attscale Sync="TRUE">0</attscale></attr><attr><attrlabl Sync="TRUE">GEOP21_ID</attrlabl><attalias Sync="TRUE">GEOP21_ID</attalias><attrtype Sync="TRUE">Integer</attrtype><attwidth Sync="TRUE">9</attwidth><atprecis Sync="TRUE">9</atprecis><attscale Sync="TRUE">0</attscale></attr><attr><attrlabl Sync="TRUE">COLOR</attrlabl><attalias Sync="TRUE">COLOR</attalias><attrtype Sync="TRUE">Integer</attrtype><attwidth Sync="TRUE">9</attwidth><atprecis Sync="TRUE">9</atprecis><attscale Sync="TRUE">0</attscale></attr><attr><attrlabl Sync="TRUE">CODE</attrlabl><attalias Sync="TRUE">CODE</attalias><attrtype Sync="TRUE">String</attrtype><attwidth Sync="TRUE">74</attwidth><atprecis Sync="TRUE">0</atprecis><attscale Sync="TRUE">0</attscale></attr></detailed></eainfo><mdDateSt Sync="TRUE">20140409</mdDateSt></metadata>
