<?xml version="1.0" encoding="UTF-8"?>
<metadata xml:lang="he"><Esri><CreaDate>20140507</CreaDate><CreaTime>16155500</CreaTime><ArcGISFormat>1.0</ArcGISFormat><ArcGISstyle>ISO 19139 Metadata Implementation Specification</ArcGISstyle><SyncOnce>TRUE</SyncOnce><DataProperties><lineage><Process ToolSource="c:\program files (x86)\arcgis\desktop10.1\ArcToolbox\Toolboxes\Data Management Tools.tbx\CalculateField" Date="20131107" Time="102016">CalculateField Research_Area Area [Area] VB #</Process></lineage><itemProps><itemLocation><linkage Sync="TRUE">file://\\ASSAF-RS\Users\Assaf\workspace\NegevVer2\gisdata\Research_Area_model</linkage><protocol Sync="TRUE">Local Area Network</protocol></itemLocation></itemProps><copyHistory><copy source="G:\ResearchArea\Research_Area_model" dest="\\ASSAF-RS\Users\Assaf\workspace\NegevVer2\gisdata\Research_Area_model" date="20140507" time="16155500"></copy></copyHistory></DataProperties></Esri></metadata>
