<?xml version="1.0"?>
<!--<!DOCTYPE metadata SYSTEM "http://www.esri.com/metadata/esriprof80.dtd">-->
<metadata xml:lang="he"><Esri><CreaDate>20150706</CreaDate><CreaTime>12185700</CreaTime><SyncOnce>FALSE</SyncOnce><DataProperties><lineage><Process Name="Create Feature Class" ToolSource="C:\Program Files\ArcGIS\ArcToolbox\Toolboxes\Data Management Tools.tbx\CreateFeatureclass" Date="20070217" Time="164143">CreateFeatureclass C:\GIS\Vectors\Roads.mdb roadsystem_Israel_and_WB # roadsystem_Israel_and_WB_Lay DISABLED DISABLED "PROJCS['Israel_TM_Grid',GEOGCS['GCS_Israel',DATUM['D_Israel',SPHEROID['GRS_1980',6378137.0,298.257222101]],PRIMEM['Greenwich',0.0],UNIT['Degree',0.0174532925199433]],PROJECTION['Transverse_Mercator'],PARAMETER['False_Easting',219529.584],PARAMETER['False_Northing',626907.39],PARAMETER['Central_Meridian',35.20451694444445],PARAMETER['Scale_Factor',1.0000067],PARAMETER['Latitude_Of_Origin',31.73439361111111],UNIT['Meter',1.0]];-896529.110235405 -508380.90429802 976.562499090505;0 100000;0 100000" # 0 0 0 C:\GIS\Vectors\Roads.mdb\roadsystem_Israel_and_WB</Process><Process Name="Append" ToolSource="C:\Program Files\ArcGIS\ArcToolbox\Toolboxes\Data Management Tools.tbx\Append" Date="20070217" Time="164146">Append roadsystem_Israel_and_WB_Lay C:\GIS\Vectors\Roads.mdb\roadsystem_Israel_and_WB TEST C:\GIS\Vectors\Roads.mdb\roadsystem_Israel_and_WB</Process><Process Name="FeatureClassToFeatureClass_1" ToolSource="C:\Program Files\ArcGIS\ArcToolbox\Toolboxes\Conversion Tools.tbx\FeatureClassToFeatureClass" Date="20070217" Time="164146">FeatureClassToFeatureClass "C:\GIS\Vectors\Hagit Ofran\Roads_and_restrictions.mdb\roadsystem_Israel_and_WB" C:\GIS\Vectors\Roads.mdb roadsystem_Israel_and_WB # "FNODE_ FNODE_ VISIBLE;TNODE_ TNODE_ VISIBLE;LPOLY_ LPOLY_ VISIBLE;RPOLY_ RPOLY_ VISIBLE;LENGTH LENGTH VISIBLE;ROAD_SYSTE ROAD_SYSTE VISIBLE;ROAD_SYS_1 ROAD_SYS_1 VISIBLE;LINKCAT LINKCAT VISIBLE;STRATEGIC STRATEGIC VISIBLE;STATUS STATUS VISIBLE;ISROADNR ISROADNR VISIBLE;ZONENR ZONENR VISIBLE;IDENTIFY IDENTIFY VISIBLE;CHECKPOINT CHECKPOINT VISIBLE;Shape_Length Shape_Length VISIBLE" DISABLED DISABLED # 0 C:\GIS\Vectors\Roads.mdb\roadsystem_Israel_and_WB</Process><Process ToolSource="c:\program files (x86)\arcgis\desktop10.1\ArcToolbox\Toolboxes\Analysis Tools.tbx\Clip" Date="20140402" Time="170538">Clip "Road System" "Road System" G:\ResearchArea\Negev_Model\Roads.shp #</Process><Process ToolSource="c:\program files (x86)\arcgis\desktop10.1\ArcToolbox\Toolboxes\Analysis Tools.tbx\Clip" Date="20140402" Time="171050">Clip Roads Research_Area_model G:\ResearchArea\Negev_Model\Road_system.shp #</Process><Process ToolSource="c:\program files (x86)\arcgis\desktop10.1\ArcToolbox\Toolboxes\Data Management Tools.tbx\CalculateField" Date="20140806" Time="114421">CalculateField Road_system ID [FID]+1 VB #</Process></lineage><itemProps><itemName Sync="TRUE">Road_system</itemName><imsContentType Sync="TRUE">002</imsContentType><nativeExtBox><westBL Sync="TRUE">125823.934173</westBL><eastBL Sync="TRUE">280141.101932</eastBL><southBL Sync="TRUE">378580.494288</southBL><northBL Sync="TRUE">803680.953692</northBL><exTypeCode Sync="TRUE">1</exTypeCode></nativeExtBox><itemSize Sync="TRUE">0.000</itemSize><itemLocation><linkage Sync="TRUE">file://\\ASSAF-RS\Users\Assaf\workspace\NegevVer2\gisdata\Road_system_2002Copy</linkage><protocol Sync="TRUE">Local Area Network</protocol></itemLocation></itemProps><coordRef><type Sync="TRUE">Projected</type><geogcsn Sync="TRUE">GCS_Israel</geogcsn><projcsn Sync="TRUE">Israel_TM_Grid</projcsn><peXml Sync="TRUE">&lt;ProjectedCoordinateSystem xsi:type='typens:ProjectedCoordinateSystem' xmlns:xsi='http://www.w3.org/2001/XMLSchema-instance' xmlns:xs='http://www.w3.org/2001/XMLSchema' xmlns:typens='http://www.esri.com/schemas/ArcGIS/10.1'&gt;&lt;WKT&gt;PROJCS[&amp;quot;Israel_TM_Grid&amp;quot;,GEOGCS[&amp;quot;GCS_Israel&amp;quot;,DATUM[&amp;quot;D_Israel&amp;quot;,SPHEROID[&amp;quot;GRS_1980&amp;quot;,6378137.0,298.257222101]],PRIMEM[&amp;quot;Greenwich&amp;quot;,0.0],UNIT[&amp;quot;Degree&amp;quot;,0.0174532925199433]],PROJECTION[&amp;quot;Transverse_Mercator&amp;quot;],PARAMETER[&amp;quot;False_Easting&amp;quot;,219529.584],PARAMETER[&amp;quot;False_Northing&amp;quot;,626907.39],PARAMETER[&amp;quot;Central_Meridian&amp;quot;,35.20451694444445],PARAMETER[&amp;quot;Scale_Factor&amp;quot;,1.0000067],PARAMETER[&amp;quot;Latitude_Of_Origin&amp;quot;,31.73439361111111],UNIT[&amp;quot;Meter&amp;quot;,1.0],AUTHORITY[&amp;quot;EPSG&amp;quot;,2039]]&lt;/WKT&gt;&lt;XOrigin&gt;-5403700&lt;/XOrigin&gt;&lt;YOrigin&gt;-12887700&lt;/YOrigin&gt;&lt;XYScale&gt;450260905.33787519&lt;/XYScale&gt;&lt;ZOrigin&gt;-100000&lt;/ZOrigin&gt;&lt;ZScale&gt;10000&lt;/ZScale&gt;&lt;MOrigin&gt;-100000&lt;/MOrigin&gt;&lt;MScale&gt;10000&lt;/MScale&gt;&lt;XYTolerance&gt;0.001&lt;/XYTolerance&gt;&lt;ZTolerance&gt;0.001&lt;/ZTolerance&gt;&lt;MTolerance&gt;0.001&lt;/MTolerance&gt;&lt;HighPrecision&gt;true&lt;/HighPrecision&gt;&lt;WKID&gt;2039&lt;/WKID&gt;&lt;LatestWKID&gt;2039&lt;/LatestWKID&gt;&lt;/ProjectedCoordinateSystem&gt;</peXml><csUnits Sync="TRUE">Linear Unit: Meter (1.000000)</csUnits></coordRef><copyHistory><copy source="G:\ResearchArea\Negev_Model\Road_system_2002" dest="\\ASSAF-RS\Users\Assaf\workspace\NegevVer2\gisdata\Road_system_2002Copy" date="20150706" time="12185700"></copy></copyHistory></DataProperties><SyncDate>20140402</SyncDate><SyncTime>17105000</SyncTime><ModDate>20140402</ModDate><ModTime>17105000</ModTime><ArcGISFormat>1.0</ArcGISFormat><ArcGISstyle>INSPIRE Metadata Directive</ArcGISstyle></Esri><idinfo><citation><citeinfo><onlink Sync="TRUE">\\AVIVALAPTOP\C$\Users\hp\Documents\GIS data\Israel\Roadsystem_Israel_WB</onlink></citeinfo></citation></idinfo><distInfo><distributor><distorTran><onLineSrc><linkage Sync="TRUE">file://\\AVIVALAPTOP\C$\Users\hp\Documents\GIS data\Israel\Roadsystem_Israel_WB</linkage><protocol Sync="TRUE">Local Area Network</protocol></onLineSrc></distorTran></distributor><distFormat><formatName Sync="TRUE">Shapefile</formatName></distFormat><distTranOps><transSize Sync="TRUE">0.000</transSize></distTranOps></distInfo><dataqual><lineage><procstep><procdesc Sync="TRUE">Dataset copied.</procdesc><srcused Sync="TRUE">\\ROTHEM\C$\GIS\Vectors\Roads.mdb</srcused><date Sync="TRUE">20070517</date><time Sync="TRUE">15593900</time></procstep><procstep><procdesc Sync="TRUE">Dataset copied.</procdesc><srcused Sync="TRUE">\\DROTHEM\C$\GIS\Vectors_old\Roads.gdb</srcused><procdate Sync="TRUE">20091120</procdate><proctime Sync="TRUE">06585600</proctime></procstep><procstep><procdesc Sync="TRUE">Dataset copied.</procdesc><srcused Sync="TRUE">\\RON-X200\C$\GIS\Vectors\Roads.gdb</srcused><procdate Sync="TRUE">20100326</procdate><proctime Sync="TRUE">17593600</proctime></procstep><procstep><procdesc Sync="TRUE">Dataset copied.</procdesc><srcused Sync="TRUE">C:\From T41\Moved to WD My documents\GIS and spatial analysis\West Bank Wadi Nar from Ron Shatzberg\Roadsystem_Israel_WB</srcused><date Sync="TRUE">20100502</date><time Sync="TRUE">11362700</time></procstep><procstep><procdesc Sync="TRUE">Dataset copied.</procdesc><srcused Sync="TRUE">\\LIB-SB\Pad on Lib\for aviva\Roadsystem_Israel_WB</srcused><procdate Sync="TRUE">20100502</procdate><proctime Sync="TRUE">11463000</proctime></procstep></lineage></dataqual><dataIdInfo><envirDesc Sync="TRUE">Microsoft Windows 7 Version 6.1 (Build 7601) Service Pack 1; Esri ArcGIS 10.1.1.3143</envirDesc><dataLang><languageCode value="heb" country="ISR"></languageCode><countryCode value="ISR" Sync="TRUE"></countryCode></dataLang><idCitation><resTitle Sync="TRUE">Road_system</resTitle><presForm><PresFormCd value="005"></PresFormCd></presForm></idCitation><descKeys><thesaName uuidref="723f6998-058e-11dc-8314-0800200c9a66"></thesaName><keyword Sync="TRUE">002</keyword></descKeys><spatRpType><SpatRepTypCd value="001"></SpatRepTypCd></spatRpType><dataExt><geoEle><GeoBndBox esriExtentType="search"><westBL Sync="TRUE">34.198145</westBL><eastBL Sync="TRUE">35.855493</eastBL><northBL Sync="TRUE">33.328428</northBL><southBL Sync="TRUE">29.490954</southBL><exTypeCode Sync="TRUE">1</exTypeCode></GeoBndBox></geoEle></dataExt></dataIdInfo><mdLang><languageCode value="heb"></languageCode><countryCode value="ISR" Sync="TRUE"></countryCode></mdLang><mdHrLv><ScopeCd value="005"></ScopeCd></mdHrLv><mdHrLvName Sync="TRUE">dataset</mdHrLvName><refSysInfo><RefSystem><refSysID><identCode code="2039"></identCode><idCodeSpace Sync="TRUE">EPSG</idCodeSpace><idVersion Sync="TRUE">7.11.2</idVersion></refSysID></RefSystem></refSysInfo><spdoinfo><ptvctinf><esriterm Name="Road_system"><efeatyp Sync="TRUE">Simple</efeatyp><efeageom code="3" Sync="TRUE"></efeageom><esritopo Sync="TRUE">FALSE</esritopo><efeacnt Sync="TRUE">0</efeacnt><spindex Sync="TRUE">FALSE</spindex><linrefer Sync="TRUE">FALSE</linrefer></esriterm></ptvctinf></spdoinfo><spatRepInfo><VectSpatRep><geometObjs Name="Road_system"><geoObjTyp><GeoObjTypCd value="002" Sync="TRUE"></GeoObjTypCd></geoObjTyp><geoObjCnt Sync="TRUE">0</geoObjCnt></geometObjs><topLvl><TopoLevCd value="001" Sync="TRUE"></TopoLevCd></topLvl></VectSpatRep></spatRepInfo><eainfo><detailed Name="Road_system"><enttyp><enttypl Sync="TRUE">Road_system</enttypl><enttypt Sync="TRUE">Feature Class</enttypt><enttypc Sync="TRUE">0</enttypc></enttyp><attr><attrlabl Sync="TRUE">FID</attrlabl><attalias Sync="TRUE">FID</attalias><attrtype Sync="TRUE">OID</attrtype><attwidth Sync="TRUE">4</attwidth><atprecis Sync="TRUE">0</atprecis><attscale Sync="TRUE">0</attscale><attrdef Sync="TRUE">Internal feature number.</attrdef><attrdefs Sync="TRUE">ESRI</attrdefs><attrdomv><udom Sync="TRUE">Sequential unique whole numbers that are automatically generated.</udom></attrdomv></attr><attr><attrlabl Sync="TRUE">Shape</attrlabl><attalias Sync="TRUE">Shape</attalias><attrtype Sync="TRUE">Geometry</attrtype><attwidth Sync="TRUE">0</attwidth><atprecis Sync="TRUE">0</atprecis><attscale Sync="TRUE">0</attscale><attrdef Sync="TRUE">Feature geometry.</attrdef><attrdefs Sync="TRUE">ESRI</attrdefs><attrdomv><udom Sync="TRUE">Coordinates defining the features.</udom></attrdomv></attr><attr><attrlabl Sync="TRUE">OBJECTID</attrlabl><attalias Sync="TRUE">OBJECTID</attalias><attrtype Sync="TRUE">Integer</attrtype><attwidth Sync="TRUE">9</attwidth><atprecis Sync="TRUE">9</atprecis><attscale Sync="TRUE">0</attscale></attr><attr><attrlabl Sync="TRUE">FNODE_</attrlabl><attalias Sync="TRUE">FNODE_</attalias><attrtype Sync="TRUE">Double</attrtype><attwidth Sync="TRUE">19</attwidth><atprecis Sync="TRUE">0</atprecis><attscale Sync="TRUE">0</attscale></attr><attr><attrlabl Sync="TRUE">TNODE_</attrlabl><attalias Sync="TRUE">TNODE_</attalias><attrtype Sync="TRUE">Double</attrtype><attwidth Sync="TRUE">19</attwidth><atprecis Sync="TRUE">0</atprecis><attscale Sync="TRUE">0</attscale></attr><attr><attrlabl Sync="TRUE">LPOLY_</attrlabl><attalias Sync="TRUE">LPOLY_</attalias><attrtype Sync="TRUE">Double</attrtype><attwidth Sync="TRUE">19</attwidth><atprecis Sync="TRUE">0</atprecis><attscale Sync="TRUE">0</attscale></attr><attr><attrlabl Sync="TRUE">RPOLY_</attrlabl><attalias Sync="TRUE">RPOLY_</attalias><attrtype Sync="TRUE">Double</attrtype><attwidth Sync="TRUE">19</attwidth><atprecis Sync="TRUE">0</atprecis><attscale Sync="TRUE">0</attscale></attr><attr><attrlabl Sync="TRUE">LENGTH</attrlabl><attalias Sync="TRUE">LENGTH</attalias><attrtype Sync="TRUE">Double</attrtype><attwidth Sync="TRUE">19</attwidth><atprecis Sync="TRUE">0</atprecis><attscale Sync="TRUE">0</attscale></attr><attr><attrlabl Sync="TRUE">ROAD_SYSTE</attrlabl><attalias Sync="TRUE">ROAD_SYSTE</attalias><attrtype Sync="TRUE">Double</attrtype><attwidth Sync="TRUE">19</attwidth><atprecis Sync="TRUE">0</atprecis><attscale Sync="TRUE">0</attscale></attr><attr><attrlabl Sync="TRUE">ROAD_SYS_1</attrlabl><attalias Sync="TRUE">ROAD_SYS_1</attalias><attrtype Sync="TRUE">Double</attrtype><attwidth Sync="TRUE">19</attwidth><atprecis Sync="TRUE">0</atprecis><attscale Sync="TRUE">0</attscale></attr><attr><attrlabl Sync="TRUE">LINKCAT</attrlabl><attalias Sync="TRUE">LINKCAT</attalias><attrtype Sync="TRUE">SmallInteger</attrtype><attwidth Sync="TRUE">4</attwidth><atprecis Sync="TRUE">4</atprecis><attscale Sync="TRUE">0</attscale></attr><attr><attrlabl Sync="TRUE">STRATEGIC</attrlabl><attalias Sync="TRUE">STRATEGIC</attalias><attrtype Sync="TRUE">SmallInteger</attrtype><attwidth Sync="TRUE">4</attwidth><atprecis Sync="TRUE">4</atprecis><attscale Sync="TRUE">0</attscale></attr><attr><attrlabl Sync="TRUE">STATUS</attrlabl><attalias Sync="TRUE">STATUS</attalias><attrtype Sync="TRUE">SmallInteger</attrtype><attwidth Sync="TRUE">4</attwidth><atprecis Sync="TRUE">4</atprecis><attscale Sync="TRUE">0</attscale></attr><attr><attrlabl Sync="TRUE">ISROADNR</attrlabl><attalias Sync="TRUE">ISROADNR</attalias><attrtype Sync="TRUE">Integer</attrtype><attwidth Sync="TRUE">9</attwidth><atprecis Sync="TRUE">9</atprecis><attscale Sync="TRUE">0</attscale></attr><attr><attrlabl Sync="TRUE">ZONENR</attrlabl><attalias Sync="TRUE">ZONENR</attalias><attrtype Sync="TRUE">SmallInteger</attrtype><attwidth Sync="TRUE">4</attwidth><atprecis Sync="TRUE">4</atprecis><attscale Sync="TRUE">0</attscale></attr><attr><attrlabl Sync="TRUE">IDENTIFY</attrlabl><attalias Sync="TRUE">IDENTIFY</attalias><attrtype Sync="TRUE">Integer</attrtype><attwidth Sync="TRUE">9</attwidth><atprecis Sync="TRUE">9</atprecis><attscale Sync="TRUE">0</attscale></attr><attr><attrlabl Sync="TRUE">CHECKPOINT</attrlabl><attalias Sync="TRUE">CHECKPOINT</attalias><attrtype Sync="TRUE">Double</attrtype><attwidth Sync="TRUE">19</attwidth><atprecis Sync="TRUE">0</atprecis><attscale Sync="TRUE">0</attscale></attr><attr><attrlabl Sync="TRUE">Shape_Leng</attrlabl><attalias Sync="TRUE">Shape_Leng</attalias><attrtype Sync="TRUE">Double</attrtype><attwidth Sync="TRUE">19</attwidth><atprecis Sync="TRUE">0</atprecis><attscale Sync="TRUE">0</attscale></attr><attr><attrlabl Sync="TRUE">Road_Name</attrlabl><attalias Sync="TRUE">Road_Name</attalias><attrtype Sync="TRUE">String</attrtype><attwidth Sync="TRUE">50</attwidth><atprecis Sync="TRUE">0</atprecis><attscale Sync="TRUE">0</attscale></attr></detailed></eainfo><mdDateSt Sync="TRUE">20140402</mdDateSt></metadata>
