<?xml version="1.0" encoding="UTF-8"?>
<metadata xml:lang="he"><Esri><CreaDate>20160309</CreaDate><CreaTime>13130300</CreaTime><ArcGISFormat>1.0</ArcGISFormat><SyncOnce>FALSE</SyncOnce><DataProperties><itemProps><itemName Sync="TRUE">MoAg_RA_parcels</itemName><imsContentType Sync="TRUE">002</imsContentType><itemSize Sync="TRUE">0.000</itemSize><itemLocation><linkage Sync="TRUE">file://\\ASSAF-RS\Users\Assaf\workspace\NegevVer2\gisdata\Shikma_fields_Moag</linkage><protocol Sync="TRUE">Local Area Network</protocol></itemLocation></itemProps><coordRef><type Sync="TRUE">Projected</type><geogcsn Sync="TRUE">GCS_Israel</geogcsn><csUnits Sync="TRUE">Linear Unit: Meter (1.000000)</csUnits><projcsn Sync="TRUE">Israel_TM_Grid</projcsn><peXml Sync="TRUE">&lt;ProjectedCoordinateSystem xsi:type='typens:ProjectedCoordinateSystem' xmlns:xsi='http://www.w3.org/2001/XMLSchema-instance' xmlns:xs='http://www.w3.org/2001/XMLSchema' xmlns:typens='http://www.esri.com/schemas/ArcGIS/10.1'&gt;&lt;WKT&gt;PROJCS[&amp;quot;Israel_TM_Grid&amp;quot;,GEOGCS[&amp;quot;GCS_Israel&amp;quot;,DATUM[&amp;quot;D_Israel&amp;quot;,SPHEROID[&amp;quot;GRS_1980&amp;quot;,6378137.0,298.257222101]],PRIMEM[&amp;quot;Greenwich&amp;quot;,0.0],UNIT[&amp;quot;Degree&amp;quot;,0.0174532925199433]],PROJECTION[&amp;quot;Transverse_Mercator&amp;quot;],PARAMETER[&amp;quot;False_Easting&amp;quot;,219529.584],PARAMETER[&amp;quot;False_Northing&amp;quot;,626907.39],PARAMETER[&amp;quot;Central_Meridian&amp;quot;,35.20451694444445],PARAMETER[&amp;quot;Scale_Factor&amp;quot;,1.0000067],PARAMETER[&amp;quot;Latitude_Of_Origin&amp;quot;,31.73439361111111],UNIT[&amp;quot;Meter&amp;quot;,1.0],AUTHORITY[&amp;quot;EPSG&amp;quot;,2039]]&lt;/WKT&gt;&lt;XOrigin&gt;-5403700&lt;/XOrigin&gt;&lt;YOrigin&gt;-12887700&lt;/YOrigin&gt;&lt;XYScale&gt;450260905.33787519&lt;/XYScale&gt;&lt;ZOrigin&gt;-100000&lt;/ZOrigin&gt;&lt;ZScale&gt;10000&lt;/ZScale&gt;&lt;MOrigin&gt;-100000&lt;/MOrigin&gt;&lt;MScale&gt;10000&lt;/MScale&gt;&lt;XYTolerance&gt;0.001&lt;/XYTolerance&gt;&lt;ZTolerance&gt;0.001&lt;/ZTolerance&gt;&lt;MTolerance&gt;0.001&lt;/MTolerance&gt;&lt;HighPrecision&gt;true&lt;/HighPrecision&gt;&lt;WKID&gt;2039&lt;/WKID&gt;&lt;LatestWKID&gt;2039&lt;/LatestWKID&gt;&lt;/ProjectedCoordinateSystem&gt;</peXml></coordRef><lineage><Process ToolSource="c:\program files (x86)\arcgis\desktop10.1\ArcToolbox\Toolboxes\Analysis Tools.tbx\Clip" Date="20140409" Time="154840">Clip MoAg_fields Research_Area_model G:\ResearchArea\MoAg_RA_parcels.shp #</Process><Process ToolSource="c:\program files (x86)\arcgis\desktop10.3\ArcToolbox\Toolboxes\Data Management Tools.tbx\CalculateField" Date="20151122" Time="135936">CalculateField MoAg_RA_parcels branch [שם_ענף] VB #</Process><Process ToolSource="c:\program files (x86)\arcgis\desktop10.3\ArcToolbox\Toolboxes\Data Management Tools.tbx\CalculateField" Date="20151122" Time="140336">CalculateField MoAg_RA_parcels branch Replace( [branch],"מטעים", "1") VB #</Process><Process ToolSource="c:\program files (x86)\arcgis\desktop10.3\ArcToolbox\Toolboxes\Data Management Tools.tbx\CalculateField" Date="20151122" Time="140449">CalculateField MoAg_RA_parcels branch Replace( [branch],"גד""ש", "2") VB #</Process><Process ToolSource="c:\program files (x86)\arcgis\desktop10.3\ArcToolbox\Toolboxes\Data Management Tools.tbx\CalculateField" Date="20151122" Time="140532">CalculateField MoAg_RA_parcels branch Replace( [branch],"ירקות", "3") VB #</Process><Process ToolSource="c:\program files (x86)\arcgis\desktop10.3\ArcToolbox\Toolboxes\Data Management Tools.tbx\CalculateField" Date="20151122" Time="140622">CalculateField MoAg_RA_parcels branch Replace( [branch],"לא מעובד", "4") VB #</Process><Process ToolSource="c:\program files (x86)\arcgis\desktop10.3\ArcToolbox\Toolboxes\Data Management Tools.tbx\CalculateField" Date="20151122" Time="140656">CalculateField MoAg_RA_parcels branch Replace( [branch],"הדרים", "5") VB #</Process><Process ToolSource="c:\program files (x86)\arcgis\desktop10.3\ArcToolbox\Toolboxes\Data Management Tools.tbx\CalculateField" Date="20151122" Time="143410">CalculateField MoAg_RA_parcels branch Replace( [branch], "פרחים" , "6") VB #</Process><Process ToolSource="c:\program files (x86)\arcgis\desktop10.3\ArcToolbox\Toolboxes\Data Management Tools.tbx\CalculateField" Date="20151122" Time="143437">CalculateField MoAg_RA_parcels branch Replace( [branch], "לול", "7") VB #</Process><Process ToolSource="c:\program files (x86)\arcgis\desktop10.3\ArcToolbox\Toolboxes\Data Management Tools.tbx\CalculateField" Date="20151122" Time="151115">CalculateField MoAg_RA_parcels branch Replace( [branch], "לול", "7") VB #</Process><Process ToolSource="c:\program files (x86)\arcgis\desktop10.3\ArcToolbox\Toolboxes\Data Management Tools.tbx\CalculateField" Date="20151122" Time="151318">CalculateField MoAg_RA_parcels branch Replace( [branch], "1", "orchard") VB #</Process><Process ToolSource="c:\program files (x86)\arcgis\desktop10.3\ArcToolbox\Toolboxes\Data Management Tools.tbx\CalculateField" Date="20151122" Time="151343">CalculateField MoAg_RA_parcels branch Replace( [branch], "2", "field_crop") VB #</Process><Process ToolSource="c:\program files (x86)\arcgis\desktop10.3\ArcToolbox\Toolboxes\Data Management Tools.tbx\CalculateField" Date="20151122" Time="151401">CalculateField MoAg_RA_parcels branch Replace( [branch], "3", "veg") VB #</Process><Process ToolSource="c:\program files (x86)\arcgis\desktop10.3\ArcToolbox\Toolboxes\Data Management Tools.tbx\CalculateField" Date="20151122" Time="151425">CalculateField MoAg_RA_parcels branch Replace( [branch], "4", "fallow") VB #</Process><Process ToolSource="c:\program files (x86)\arcgis\desktop10.3\ArcToolbox\Toolboxes\Data Management Tools.tbx\CalculateField" Date="20151122" Time="151442">CalculateField MoAg_RA_parcels branch Replace( [branch], "5", "citrus") VB #</Process><Process ToolSource="c:\program files (x86)\arcgis\desktop10.3\ArcToolbox\Toolboxes\Data Management Tools.tbx\CalculateField" Date="20151122" Time="151458">CalculateField MoAg_RA_parcels branch Replace( [branch], "6", "flowers") VB #</Process><Process ToolSource="c:\program files (x86)\arcgis\desktop10.3\ArcToolbox\Toolboxes\Data Management Tools.tbx\CalculateField" Date="20151122" Time="151550">CalculateField MoAg_RA_parcels branch Replace( [branch], "7", "chicken_coop") VB #</Process><Process ToolSource="c:\program files (x86)\arcgis\desktop10.3\ArcToolbox\Toolboxes\Data Management Tools.tbx\CalculateField" Date="20151122" Time="154330">CalculateField MoAg_RA_parcels irrigation n VB "Dim strSearchFor, n\nstrSearchFor = "בעל"\nIf InStr(1, [מים], strSearchFor) &gt; 0 then\n n = 1\nElse\n n= 0\nEnd If"</Process><Process ToolSource="c:\program files (x86)\arcgis\desktop10.3\ArcToolbox\Toolboxes\Data Management Tools.tbx\CalculateField" Date="20151122" Time="154514">CalculateField MoAg_RA_parcels irrigation n VB "Dim strSearchFor, n\nstrSearchFor = "שפירים"\nIf InStr(1, [מים], strSearchFor) &gt; 0 then\n n = 2\nElse\n n= 0\nEnd If"</Process><Process ToolSource="c:\program files (x86)\arcgis\desktop10.3\ArcToolbox\Toolboxes\Data Management Tools.tbx\CalculateField" Date="20151122" Time="155111">CalculateField MoAg_RA_parcels irrigation n VB "Dim strSearchFor, n\nstrSearchFor = "בעל"\nIf InStr(1, [מים], strSearchFor) &gt; 0 then\n n = 1\nElse\nstrSearchFor = "שפירים"\nIf InStr(1, [מים], strSearchFor) &gt; 0 then\n n = 2\nElse\nstrSearchFor = "שפדן"\nIf InStr(1, [מים], strSearchFor) &gt; 0 then\n n = 3\nElse\nstrSearchFor = "קולחין"\nIf InStr(1, [מים], strSearchFor) &gt; 0 then\n n = 4\nElse\nstrSearchFor = "מליחים"\nIf InStr(1, [מים], strSearchFor) &gt; 0 then\n n = 5\nelse\n n= 0\nEnd If\nEnd If\nEnd If\nEnd If\nEnd If"</Process><Process ToolSource="c:\program files (x86)\arcgis\desktop10.3\ArcToolbox\Toolboxes\Data Management Tools.tbx\CalculateField" Date="20151123" Time="155553">CalculateField MoAg_RA_parcels irrigation 6 VB #</Process><Process ToolSource="c:\program files (x86)\arcgis\desktop10.3\ArcToolbox\Toolboxes\Data Management Tools.tbx\CalculateField" Date="20151124" Time="132952">CalculateField MoAg_RA_parcels crop 8 VB #</Process><Process ToolSource="c:\program files (x86)\arcgis\desktop10.3\ArcToolbox\Toolboxes\Data Management Tools.tbx\CalculateField" Date="20151124" Time="133002">CalculateField MoAg_RA_parcels crop 0 VB #</Process><Process ToolSource="c:\program files (x86)\arcgis\desktop10.3\ArcToolbox\Toolboxes\Data Management Tools.tbx\CalculateField" Date="20151124" Time="133056">CalculateField MoAg_RA_parcels crop n VB "Dim strSearchFor, n\nstrSearchFor = "חיטה"\nIf InStr(1, [גידול_GIS], strSearchFor) &gt; 0 then\n n = 1\nElse\nstrSearchFor = "תפוחי אדמה אביב"\nIf InStr(1, [גידול_GIS], strSearchFor) &gt; 0 then\n n = 2\nElse\nn=0\nEnd If\nEnd If\n"</Process><Process ToolSource="c:\program files (x86)\arcgis\desktop10.3\ArcToolbox\Toolboxes\Data Management Tools.tbx\CalculateField" Date="20151124" Time="145140">CalculateField MoAg_RA_parcels crop n VB "Dim strSearchFor, n\nstrSearchFor = "חיטה"\nIf InStr(1, [גידול_GIS], strSearchFor) &gt; 0 then\n n = 1\nElse\nstrSearchFor = "תפוחי אדמה אביב"\nIf InStr(1, [גידול_GIS], strSearchFor) &gt; 0 then\n n = 2\nElse\nstrSearchFor = "תפוחי אדמה סתיו"\nIf InStr(1, [גידול_GIS], strSearchFor) &gt; 0 then\n n = 3\nElse\nstrSearchFor = "אפונה"\nIf InStr(1, [גידול_GIS], strSearchFor) &gt; 0 then\n n = 4\nElse\nn=0\nEnd If\nEnd If\nEnd If\nEnd If\n\n"</Process><Process ToolSource="c:\program files (x86)\arcgis\desktop10.3\ArcToolbox\Toolboxes\Data Management Tools.tbx\CalculateField" Date="20151124" Time="145632">CalculateField MoAg_RA_parcels crop n VB "Dim strSearchFor, n\nstrSearchFor = "מטעים"\nIf InStr(1, [שם_ענף], strSearchFor) &gt; 0 then\n n = 19\nElse\nstrSearchFor = "לא מעובד"\nIf InStr(1, [שם_ענף], strSearchFor) &gt; 0 then\n n = 20\nElse\nstrSearchFor = "פרחים"\nIf InStr(1, [שם_ענף], strSearchFor) &gt; 0 then\n n = 21\nElse\nstrSearchFor = "ירקות"\nIf InStr(1, [שם_ענף], strSearchFor) &gt; 0 then\n n = 22\nElse\nn= 0\nEnd If\nEnd If\nEnd If\nEnd If"</Process><Process ToolSource="c:\program files (x86)\arcgis\desktop10.3\ArcToolbox\Toolboxes\Data Management Tools.tbx\CalculateField" Date="20151124" Time="145813">CalculateField MoAg_RA_parcels crop n VB "Dim strSearchFor, n\nstrSearchFor = "צנונית"\nIf InStr(1, [גידול_GIS], strSearchFor) &gt; 0 then\n n = 15\nElse\nstrSearchFor = "אבטיח לפיצוח"\nIf InStr(1, [גידול_GIS], strSearchFor) &gt; 0 then\n n = 16\nElse\nstrSearchFor = "גד""ש"\nIf InStr(1, [שם_ענף], strSearchFor) &gt; 0 then\n n = 17\nElse\nstrSearchFor = "הדרים"\nIf InStr(1, [שם_ענף], strSearchFor) &gt; 0 then\n n = 18\nElse\nn= [crop] \nEnd If\nEnd If\nEnd If\nEnd If"</Process><Process ToolSource="c:\program files (x86)\arcgis\desktop10.3\ArcToolbox\Toolboxes\Data Management Tools.tbx\CalculateField" Date="20151124" Time="150121">CalculateField MoAg_RA_parcels crop n VB "Dim strSearchFor, n\nstrSearchFor = "חמניות"\nIf InStr(1, [גידול_GIS], strSearchFor) &gt; 0 then\n n = 11\nElse \nstrSearchFor = "חימצה"\nIf InStr(1, [גידול_GIS], strSearchFor) &gt; 0 then\n n = 12\nElse\nstrSearchFor = "אבטיח סידלס"\nIf InStr(1, [גידול_GIS], strSearchFor) &gt; 0 then\n n = 13\nElse\nstrSearchFor = "בצל"\nIf InStr(1, [גידול_GIS], strSearchFor) &gt; 0 then\n n = 14\nElse\nn= [crop] \nEnd If\nEnd If\nEnd If\nEnd If"</Process><Process ToolSource="c:\program files (x86)\arcgis\desktop10.3\ArcToolbox\Toolboxes\Data Management Tools.tbx\CalculateField" Date="20151124" Time="150244">CalculateField MoAg_RA_parcels crop n VB "Dim strSearchFor, n\nstrSearchFor = "בטטות"\nIf InStr(1, [גידול_GIS], strSearchFor) &gt; 0 then\n n =7\nElse\nstrSearchFor = "גזר"\nIf InStr(1, [גידול_GIS], strSearchFor) &gt; 0 then\n n = 8\nElse\nstrSearchFor = "אגוזי אדמה"\nIf InStr(1, [גידול_GIS], strSearchFor) &gt; 0 then\n n = 9\nElse\nstrSearchFor = "חוחובה"\nIf InStr(1, [גידול_GIS], strSearchFor) &gt; 0 then\n n = 10\nElse\nn= [crop] \nEnd If\nEnd If\nEnd If\nEnd If"</Process><Process ToolSource="c:\program files (x86)\arcgis\desktop10.3\ArcToolbox\Toolboxes\Data Management Tools.tbx\CalculateField" Date="20151124" Time="150528">CalculateField MoAg_RA_parcels crop n VB "Dim strSearchFor, n\nstrSearchFor = "תפוחי אדמה סתיו"\nIf InStr(1, [גידול_GIS], strSearchFor) &gt; 0 then\n n = 3\nElse\nstrSearchFor = "אפונה"\nIf InStr(1, [גידול_GIS], strSearchFor) &gt; 0 then\n n = 4\nElse\nstrSearchFor = "שעורה"\nIf InStr(1, [גידול_GIS], strSearchFor) &gt; 0 then\n n = 5\nElse\nstrSearchFor = "תלתן"\nIf InStr(1, [גידול_GIS], strSearchFor) &gt; 0 then\n n = 6\nElse\nn= [crop] \nEnd If\nEnd If\nEnd If\nEnd If"</Process><Process ToolSource="c:\program files (x86)\arcgis\desktop10.3\ArcToolbox\Toolboxes\Data Management Tools.tbx\CalculateField" Date="20151124" Time="150649">CalculateField MoAg_RA_parcels crop n VB "Dim strSearchFor, n\nstrSearchFor = "חיטה"\nIf InStr(1, [גידול_GIS], strSearchFor) &gt; 0 then\n n = 1\nElse\nstrSearchFor = "תפוחי אדמה אביב"\nIf InStr(1, [גידול_GIS], strSearchFor) &gt; 0 then\n n = 2\nElse\nn= [crop] \nEnd If\nEnd If\n"</Process><Process ToolSource="c:\program files (x86)\arcgis\desktop10.3\ArcToolbox\Toolboxes\Data Management Tools.tbx\CalculateField" Date="20151125" Time="101554">CalculateField MoAg_RA_parcels crop_class n VB "Dim strSearchFor, n\nstrSearchFor = "field_crop"\nIf InStr(1, [branch], strSearchFor) &gt; 0 then\n n = 1\nElse\nstrSearchFor = "citrus"\nIf InStr(1, [branch], strSearchFor) &gt; 0 then\n n = 2\nElse\nstrSearchFor = "veg"\nIf InStr(1, [branch], strSearchFor) &gt; 0 then\n n = 3\nElse\nstrSearchFor = "orchard"\nIf InStr(1, [branch], strSearchFor) &gt; 0 then\n n = 4\nElse\nstrSearchFor = "fallow"\nIf InStr(1, [branch], strSearchFor) &gt; 0 then\n n = 5\nElse\nn= 0\nEnd If\nEnd If\nEnd If\nEnd If\nEnd If\n"</Process></lineage><copyHistory><copy source="G:\Beit_Kama\Shikma_fields_Moag" dest="\\ASSAF-RS\Users\Assaf\workspace\NegevVer2\gisdata\Shikma_fields_Moag" date="20160309" time="13130300"></copy></copyHistory></DataProperties><SyncDate>20140409</SyncDate><SyncTime>15483700</SyncTime><ModDate>20140409</ModDate><ModTime>15483700</ModTime></Esri><dataIdInfo><envirDesc Sync="TRUE">Microsoft Windows 7 Version 6.1 (Build 7601) Service Pack 1; Esri ArcGIS 10.1.1.3143</envirDesc><dataLang><languageCode value="heb" Sync="TRUE"></languageCode><countryCode value="ISR" Sync="TRUE"></countryCode></dataLang><idCitation><resTitle Sync="TRUE">MoAg_RA_parcels</resTitle><presForm><PresFormCd value="005" Sync="TRUE"></PresFormCd></presForm></idCitation><spatRpType><SpatRepTypCd value="001" Sync="TRUE"></SpatRepTypCd></spatRpType></dataIdInfo><mdLang><languageCode value="heb" Sync="TRUE"></languageCode><countryCode value="ISR" Sync="TRUE"></countryCode></mdLang><mdChar><CharSetCd value="004" Sync="TRUE"></CharSetCd></mdChar><distInfo><distFormat><formatName Sync="TRUE">Shapefile</formatName></distFormat><distTranOps><transSize Sync="TRUE">0.000</transSize></distTranOps></distInfo><mdHrLv><ScopeCd value="005" Sync="TRUE"></ScopeCd></mdHrLv><mdHrLvName Sync="TRUE">dataset</mdHrLvName><refSysInfo><RefSystem><refSysID><identCode code="2039" Sync="TRUE"></identCode><idCodeSpace Sync="TRUE">EPSG</idCodeSpace><idVersion Sync="TRUE">7.11.2</idVersion></refSysID></RefSystem></refSysInfo><spatRepInfo><VectSpatRep><geometObjs Name="MoAg_RA_parcels"><geoObjTyp><GeoObjTypCd value="002" Sync="TRUE"></GeoObjTypCd></geoObjTyp><geoObjCnt Sync="TRUE">0</geoObjCnt></geometObjs><topLvl><TopoLevCd value="001" Sync="TRUE"></TopoLevCd></topLvl></VectSpatRep></spatRepInfo><spdoinfo><ptvctinf><esriterm Name="MoAg_RA_parcels"><efeatyp Sync="TRUE">Simple</efeatyp><efeageom code="4" Sync="TRUE"></efeageom><esritopo Sync="TRUE">FALSE</esritopo><efeacnt Sync="TRUE">0</efeacnt><spindex Sync="TRUE">FALSE</spindex><linrefer Sync="TRUE">FALSE</linrefer></esriterm></ptvctinf></spdoinfo><eainfo><detailed Name="MoAg_RA_parcels"><enttyp><enttypl Sync="TRUE">MoAg_RA_parcels</enttypl><enttypt Sync="TRUE">Feature Class</enttypt><enttypc Sync="TRUE">0</enttypc></enttyp><attr><attrlabl Sync="TRUE">FID</attrlabl><attalias Sync="TRUE">FID</attalias><attrtype Sync="TRUE">OID</attrtype><attwidth Sync="TRUE">4</attwidth><atprecis Sync="TRUE">0</atprecis><attscale Sync="TRUE">0</attscale><attrdef Sync="TRUE">Internal feature number.</attrdef><attrdefs Sync="TRUE">Esri</attrdefs><attrdomv><udom Sync="TRUE">Sequential unique whole numbers that are automatically generated.</udom></attrdomv></attr><attr><attrlabl Sync="TRUE">Shape</attrlabl><attalias Sync="TRUE">Shape</attalias><attrtype Sync="TRUE">Geometry</attrtype><attwidth Sync="TRUE">0</attwidth><atprecis Sync="TRUE">0</atprecis><attscale Sync="TRUE">0</attscale><attrdef Sync="TRUE">Feature geometry.</attrdef><attrdefs Sync="TRUE">Esri</attrdefs><attrdomv><udom Sync="TRUE">Coordinates defining the features.</udom></attrdomv></attr><attr><attrlabl Sync="TRUE">ID</attrlabl><attalias Sync="TRUE">ID</attalias><attrtype Sync="TRUE">Integer</attrtype><attwidth Sync="TRUE">9</attwidth><atprecis Sync="TRUE">9</atprecis><attscale Sync="TRUE">0</attscale></attr><attr><attrlabl Sync="TRUE">DATE_</attrlabl><attalias Sync="TRUE">DATE_</attalias><attrtype Sync="TRUE">Date</attrtype><attwidth Sync="TRUE">8</attwidth><atprecis Sync="TRUE">0</atprecis><attscale Sync="TRUE">0</attscale></attr><attr><attrlabl Sync="TRUE">up_date</attrlabl><attalias Sync="TRUE">up_date</attalias><attrtype Sync="TRUE">Date</attrtype><attwidth Sync="TRUE">8</attwidth><atprecis Sync="TRUE">0</atprecis><attscale Sync="TRUE">0</attscale></attr><attr><attrlabl Sync="TRUE">SEMEL</attrlabl><attalias Sync="TRUE">SEMEL</attalias><attrtype Sync="TRUE">SmallInteger</attrtype><attwidth Sync="TRUE">4</attwidth><atprecis Sync="TRUE">4</atprecis><attscale Sync="TRUE">0</attscale></attr><attr><attrlabl Sync="TRUE">Shape_Area</attrlabl><attalias Sync="TRUE">Shape_Area</attalias><attrtype Sync="TRUE">Double</attrtype><attwidth Sync="TRUE">19</attwidth><atprecis Sync="TRUE">0</atprecis><attscale Sync="TRUE">0</attscale><attrdef Sync="TRUE">Area of feature in internal units squared.</attrdef><attrdefs Sync="TRUE">Esri</attrdefs><attrdomv><udom Sync="TRUE">Positive real numbers that are automatically generated.</udom></attrdomv></attr><attr><attrlabl Sync="TRUE">גידול_GIS</attrlabl><attalias Sync="TRUE">גידול_GIS</attalias><attrtype Sync="TRUE">String</attrtype><attwidth Sync="TRUE">254</attwidth><atprecis Sync="TRUE">0</atprecis><attscale Sync="TRUE">0</attscale></attr><attr><attrlabl Sync="TRUE">שם_ענף</attrlabl><attalias Sync="TRUE">שם_ענף</attalias><attrtype Sync="TRUE">String</attrtype><attwidth Sync="TRUE">20</attwidth><atprecis Sync="TRUE">0</atprecis><attscale Sync="TRUE">0</attscale></attr><attr><attrlabl Sync="TRUE">מים</attrlabl><attalias Sync="TRUE">מים</attalias><attrtype Sync="TRUE">String</attrtype><attwidth Sync="TRUE">254</attwidth><atprecis Sync="TRUE">0</atprecis><attscale Sync="TRUE">0</attscale></attr></detailed></eainfo><mdDateSt Sync="TRUE">20140409</mdDateSt></metadata>
