<?xml version="1.0" encoding="UTF-8"?>
<metadata xml:lang="en"><Esri><CreaDate>20140706</CreaDate><CreaTime>14214100</CreaTime><ArcGISFormat>1.0</ArcGISFormat><ArcGISstyle>INSPIRE Metadata Directive</ArcGISstyle><SyncOnce>FALSE</SyncOnce><DataProperties><itemProps><itemLocation><linkage Sync="TRUE">file://\\ASSAF-RS\Users\Assaf\workspace\NegevVer2\gisdata\Unsuitable_Land_RA</linkage><protocol Sync="TRUE">Local Area Network</protocol></itemLocation><itemName Sync="TRUE">Unsuitable_Land_RA</itemName><imsContentType Sync="TRUE">002</imsContentType><nativeExtBox><westBL Sync="TRUE">134137.882813</westBL><eastBL Sync="TRUE">281852.000000</eastBL><southBL Sync="TRUE">377837.812500</southBL><northBL Sync="TRUE">804386.000000</northBL><exTypeCode Sync="TRUE">1</exTypeCode></nativeExtBox><itemSize Sync="TRUE">0.000</itemSize></itemProps><copyHistory><copy source="G:\ResearchArea\Negev_Model\Unsuitable_Land_RA" dest="\\ASSAF-RS\Users\Assaf\workspace\NegevVer2\gisdata\Unsuitable_Land_RA" date="20140706" time="14214100"></copy></copyHistory><coordRef><type Sync="TRUE">Projected</type><geogcsn Sync="TRUE">GCS_Israel</geogcsn><csUnits Sync="TRUE">Linear Unit: Meter (1.000000)</csUnits><projcsn Sync="TRUE">Israel_TM_Grid</projcsn><peXml Sync="TRUE">&lt;ProjectedCoordinateSystem xsi:type='typens:ProjectedCoordinateSystem' xmlns:xsi='http://www.w3.org/2001/XMLSchema-instance' xmlns:xs='http://www.w3.org/2001/XMLSchema' xmlns:typens='http://www.esri.com/schemas/ArcGIS/10.1'&gt;&lt;WKT&gt;PROJCS[&amp;quot;Israel_TM_Grid&amp;quot;,GEOGCS[&amp;quot;GCS_Israel&amp;quot;,DATUM[&amp;quot;D_Israel&amp;quot;,SPHEROID[&amp;quot;GRS_1980&amp;quot;,6378137.0,298.257222101]],PRIMEM[&amp;quot;Greenwich&amp;quot;,0.0],UNIT[&amp;quot;Degree&amp;quot;,0.0174532925199433]],PROJECTION[&amp;quot;Transverse_Mercator&amp;quot;],PARAMETER[&amp;quot;False_Easting&amp;quot;,219529.584],PARAMETER[&amp;quot;False_Northing&amp;quot;,626907.39],PARAMETER[&amp;quot;Central_Meridian&amp;quot;,35.20451694444445],PARAMETER[&amp;quot;Scale_Factor&amp;quot;,1.0000067],PARAMETER[&amp;quot;Latitude_Of_Origin&amp;quot;,31.73439361111111],UNIT[&amp;quot;Meter&amp;quot;,1.0],AUTHORITY[&amp;quot;EPSG&amp;quot;,2039]]&lt;/WKT&gt;&lt;XOrigin&gt;-5403700&lt;/XOrigin&gt;&lt;YOrigin&gt;-12887700&lt;/YOrigin&gt;&lt;XYScale&gt;450260905.33787519&lt;/XYScale&gt;&lt;ZOrigin&gt;-100000&lt;/ZOrigin&gt;&lt;ZScale&gt;10000&lt;/ZScale&gt;&lt;MOrigin&gt;-100000&lt;/MOrigin&gt;&lt;MScale&gt;10000&lt;/MScale&gt;&lt;XYTolerance&gt;0.001&lt;/XYTolerance&gt;&lt;ZTolerance&gt;0.001&lt;/ZTolerance&gt;&lt;MTolerance&gt;0.001&lt;/MTolerance&gt;&lt;HighPrecision&gt;true&lt;/HighPrecision&gt;&lt;WKID&gt;2039&lt;/WKID&gt;&lt;LatestWKID&gt;2039&lt;/LatestWKID&gt;&lt;/ProjectedCoordinateSystem&gt;</peXml></coordRef><lineage><Process ToolSource="c:\program files (x86)\arcgis\desktop10.1\ArcToolbox\Toolboxes\Analysis Tools.tbx\Clip" Date="20140403" Time="105435">Clip Nature_reserves Research_Area_model G:\ResearchArea\Negev_Model\Nature_reserves_RA.shp #</Process><Process ToolSource="c:\program files (x86)\arcgis\desktop10.1\ArcToolbox\Toolboxes\Data Management Tools.tbx\Merge" Date="20140501" Time="103643">Merge Nature_reserves_RA;Local_Mun_and_Cities_RA;Forests_RA;Streams_RA_Buffer75m G:\ResearchArea\Negev_Model\Unsuitable_Land_RA.shp "AREA "AREA" true true false 19 Double 6 18 ,First,#,Nature_reserves_RA,AREA,-1,-1,Local_Mun_and_Cities_RA,AREA,-1,-1,Forests_RA,AREA,-1,-1;PERIMETER "PERIMETER" true true false 19 Double 6 18 ,First,#,Nature_reserves_RA,PERIMETER,-1,-1,Forests_RA,PERIMETER,-1,-1;TEVA_ID "TEVA_ID" true true false 11 Double 0 11 ,First,#,Nature_reserves_RA,TEVA_ID,-1,-1;HEB_NAME "HEB_NAME" true true false 35 Text 0 0 ,First,#,Nature_reserves_RA,HEB_NAME,-1,-1;MUN_ENG "MUN_ENG" true true false 254 Text 0 0 ,First,#,Local_Mun_and_Cities_RA,MUN_ENG,-1,-1;SUG_MUN "SUG_MUN" true true false 254 Text 0 0 ,First,#,Local_Mun_and_Cities_RA,SUG_MUN,-1,-1;IS_FORST_ "IS_FORST_" true true false 11 Double 0 11 ,First,#,Forests_RA,IS_FORST_,-1,-1;BUFF_DIST "BUFF_DIST" true true false 19 Double 0 0 ,First,#,Streams_RA_Buffer75m,BUFF_DIST,-1,-1"</Process><Process ToolSource="c:\program files (x86)\arcgis\desktop10.1\ArcToolbox\Toolboxes\Data Management Tools.tbx\CalculateField" Date="20140501" Time="104648">CalculateField Unsuitable_Land_RA Type 1 VB #</Process><Process ToolSource="c:\program files (x86)\arcgis\desktop10.1\ArcToolbox\Toolboxes\Data Management Tools.tbx\CalculateField" Date="20140501" Time="104739">CalculateField Unsuitable_Land_RA Type 2 VB #</Process><Process ToolSource="c:\program files (x86)\arcgis\desktop10.1\ArcToolbox\Toolboxes\Data Management Tools.tbx\CalculateField" Date="20140501" Time="104817">CalculateField Unsuitable_Land_RA Type 3 VB #</Process><Process ToolSource="c:\program files (x86)\arcgis\desktop10.1\ArcToolbox\Toolboxes\Data Management Tools.tbx\CalculateField" Date="20140501" Time="104842">CalculateField Unsuitable_Land_RA Type 4 VB #</Process></lineage></DataProperties><SyncDate>20140501</SyncDate><SyncTime>10364300</SyncTime><ModDate>20140501</ModDate><ModTime>10364300</ModTime></Esri><dataIdInfo><envirDesc Sync="TRUE">Microsoft Windows 7 Version 6.1 (Build 7601) Service Pack 1; Esri ArcGIS 10.1.1.3143</envirDesc><dataLang><languageCode value="heb" Sync="TRUE"></languageCode><countryCode value="ISR" Sync="TRUE"></countryCode></dataLang><idCitation><resTitle Sync="TRUE">Unsuitable_Land_RA</resTitle><presForm><PresFormCd value="005" Sync="TRUE"></PresFormCd></presForm></idCitation><spatRpType><SpatRepTypCd value="001" Sync="TRUE"></SpatRepTypCd></spatRpType><dataExt><geoEle><GeoBndBox esriExtentType="search"><exTypeCode Sync="TRUE">1</exTypeCode><westBL Sync="TRUE">34.287357</westBL><eastBL Sync="TRUE">35.873916</eastBL><northBL Sync="TRUE">33.334785</northBL><southBL Sync="TRUE">29.484850</southBL></GeoBndBox></geoEle></dataExt></dataIdInfo><mdLang><languageCode value="heb" Sync="TRUE"></languageCode><countryCode value="ISR" Sync="TRUE"></countryCode></mdLang><mdChar><CharSetCd value="004" Sync="TRUE"></CharSetCd></mdChar><distInfo><distFormat><formatName Sync="TRUE">Shapefile</formatName></distFormat><distTranOps><transSize Sync="TRUE">0.000</transSize></distTranOps></distInfo><mdHrLv><ScopeCd value="005" Sync="TRUE"></ScopeCd></mdHrLv><mdHrLvName Sync="TRUE">dataset</mdHrLvName><refSysInfo><RefSystem><refSysID><identCode code="2039" Sync="TRUE"></identCode><idCodeSpace Sync="TRUE">EPSG</idCodeSpace><idVersion Sync="TRUE">7.11.2</idVersion></refSysID></RefSystem></refSysInfo><spatRepInfo><VectSpatRep><geometObjs Name="Unsuitable_Land_RA"><geoObjTyp><GeoObjTypCd value="002" Sync="TRUE"></GeoObjTypCd></geoObjTyp><geoObjCnt Sync="TRUE">0</geoObjCnt></geometObjs><topLvl><TopoLevCd value="001" Sync="TRUE"></TopoLevCd></topLvl></VectSpatRep></spatRepInfo><spdoinfo><ptvctinf><esriterm Name="Unsuitable_Land_RA"><efeatyp Sync="TRUE">Simple</efeatyp><efeageom code="4" Sync="TRUE"></efeageom><esritopo Sync="TRUE">FALSE</esritopo><efeacnt Sync="TRUE">0</efeacnt><spindex Sync="TRUE">FALSE</spindex><linrefer Sync="TRUE">FALSE</linrefer></esriterm></ptvctinf></spdoinfo><eainfo><detailed Name="Unsuitable_Land_RA"><enttyp><enttypl Sync="TRUE">Unsuitable_Land_RA</enttypl><enttypt Sync="TRUE">Feature Class</enttypt><enttypc Sync="TRUE">0</enttypc></enttyp><attr><attrlabl Sync="TRUE">FID</attrlabl><attalias Sync="TRUE">FID</attalias><attrtype Sync="TRUE">OID</attrtype><attwidth Sync="TRUE">4</attwidth><atprecis Sync="TRUE">0</atprecis><attscale Sync="TRUE">0</attscale><attrdef Sync="TRUE">Internal feature number.</attrdef><attrdefs Sync="TRUE">Esri</attrdefs><attrdomv><udom Sync="TRUE">Sequential unique whole numbers that are automatically generated.</udom></attrdomv></attr><attr><attrlabl Sync="TRUE">Shape</attrlabl><attalias Sync="TRUE">Shape</attalias><attrtype Sync="TRUE">Geometry</attrtype><attwidth Sync="TRUE">0</attwidth><atprecis Sync="TRUE">0</atprecis><attscale Sync="TRUE">0</attscale><attrdef Sync="TRUE">Feature geometry.</attrdef><attrdefs Sync="TRUE">Esri</attrdefs><attrdomv><udom Sync="TRUE">Coordinates defining the features.</udom></attrdomv></attr><attr><attrlabl Sync="TRUE">AREA</attrlabl><attalias Sync="TRUE">AREA</attalias><attrtype Sync="TRUE">Double</attrtype><attwidth Sync="TRUE">19</attwidth><atprecis Sync="TRUE">18</atprecis><attscale Sync="TRUE">6</attscale></attr><attr><attrlabl Sync="TRUE">PERIMETER</attrlabl><attalias Sync="TRUE">PERIMETER</attalias><attrtype Sync="TRUE">Double</attrtype><attwidth Sync="TRUE">19</attwidth><atprecis Sync="TRUE">18</atprecis><attscale Sync="TRUE">6</attscale></attr><attr><attrlabl Sync="TRUE">TEVA_ID</attrlabl><attalias Sync="TRUE">TEVA_ID</attalias><attrtype Sync="TRUE">Double</attrtype><attwidth Sync="TRUE">11</attwidth><atprecis Sync="TRUE">11</atprecis><attscale Sync="TRUE">0</attscale></attr><attr><attrlabl Sync="TRUE">HEB_NAME</attrlabl><attalias Sync="TRUE">HEB_NAME</attalias><attrtype Sync="TRUE">String</attrtype><attwidth Sync="TRUE">35</attwidth><atprecis Sync="TRUE">0</atprecis><attscale Sync="TRUE">0</attscale></attr><attr><attrlabl Sync="TRUE">MUN_ENG</attrlabl><attalias Sync="TRUE">MUN_ENG</attalias><attrtype Sync="TRUE">String</attrtype><attwidth Sync="TRUE">254</attwidth><atprecis Sync="TRUE">0</atprecis><attscale Sync="TRUE">0</attscale></attr><attr><attrlabl Sync="TRUE">SUG_MUN</attrlabl><attalias Sync="TRUE">SUG_MUN</attalias><attrtype Sync="TRUE">String</attrtype><attwidth Sync="TRUE">254</attwidth><atprecis Sync="TRUE">0</atprecis><attscale Sync="TRUE">0</attscale></attr><attr><attrlabl Sync="TRUE">IS_FORST_</attrlabl><attalias Sync="TRUE">IS_FORST_</attalias><attrtype Sync="TRUE">Double</attrtype><attwidth Sync="TRUE">11</attwidth><atprecis Sync="TRUE">11</atprecis><attscale Sync="TRUE">0</attscale></attr><attr><attrlabl Sync="TRUE">BUFF_DIST</attrlabl><attalias Sync="TRUE">BUFF_DIST</attalias><attrtype Sync="TRUE">Double</attrtype><attwidth Sync="TRUE">19</attwidth><atprecis Sync="TRUE">0</atprecis><attscale Sync="TRUE">0</attscale></attr></detailed></eainfo><mdDateSt Sync="TRUE">20140501</mdDateSt></metadata>
